grievance_id,created_at,channel,citizen_text,category,location,latitude,longitude,department,severity,urgency,public_impact,vulnerability,recurrence,priority_score,priority,status,duplicate_cluster_id,related_complaint_count,semantic_similarity,sentiment,sla_hours,recommended_action,actual_resolution_hours,systemic_cluster
GRV-1001,2026-08-18T18:19:00,Social Media,Residents on our street are facing repeated water outages.,Water Supply,Madhapur,17.451876,78.388185,Water Supply Department,9,5,9,4,10,76,High,New,SYS-WATER-MADHAPUR,19,0.8,Negative,13,Initiate emergency tanker support,,Yes
GRV-1002,2026-08-02T09:13:00,Mobile App,Repeated complaints about the damaged road have not been resolved.,Roads,Kukatpally,17.486604,78.412992,GHMC Roads Department,6,10,8,6,8,75,High,In Progress,SYS-ROAD-KUKATPALLY,27,0.89,Concerned,71,Schedule pothole repair,,Yes
GRV-1003,2026-07-18T08:45:00,Web,A damaged electric pole is creating a safety concern. A child may be affected.,Electricity,Gachibowli,17.443343,78.351777,Electricity Distribution Department,6,5,7,9,7,66,Medium,New,SYS-POWER-GACHIBOWLI,8,0.9,Urgent,22,Dispatch line inspection team,,Yes
GRV-1004,2026-08-01T16:12:00,Walk-in,Our apartment has not received drinking water for 5 days.,Water Supply,Madhapur,17.447134,78.390789,Water Supply Department,6,9,6,7,10,74,High,New,SYS-WATER-MADHAPUR,33,0.94,Urgent,9,Dispatch field inspection team,,Yes
GRV-1005,2026-08-02T08:11:00,Web,Garbage has not been collected in Banjara Hills for 6 days. A hospital nearby may be affected.,Sanitation,Banjara Hills,17.415145,78.437591,Sanitation Department,7,5,6,9,8,68,Medium,In Progress,SYS-SANITATION-BANJARA,12,0.89,Urgent,29,Dispatch sanitation crew,,Yes
GRV-1006,2026-07-22T08:24:00,Walk-in,No water supply in our locality for 1 days.,Water Supply,Madhapur,17.446582,78.393073,Water Supply Department,6,6,8,5,10,68,Medium,Resolved,SYS-WATER-MADHAPUR,9,0.95,Urgent,6,Initiate emergency tanker support,3.9,Yes
GRV-1007,2026-08-04T16:32:00,Social Media,Overflowing garbage bins are causing a hygiene issue. A person with disability may be affected.,Sanitation,Banjara Hills,17.412241,78.432187,Sanitation Department,5,9,10,9,7,77,High,New,SYS-SANITATION-BANJARA,26,0.79,Concerned,45,Dispatch sanitation crew,,Yes
GRV-1008,2026-08-08T10:33:00,Call Center,Our street has repeated missed waste collection complaints. A child may be affected.,Sanitation,Banjara Hills,17.413509,78.433866,Sanitation Department,9,6,9,9,7,81,High,Resolved,SYS-SANITATION-BANJARA,26,0.86,Negative,32,Inspect waste accumulation point,11.4,Yes
GRV-1009,2026-07-30T05:56:00,Mobile App,A large pothole has formed near Kukatpally and is dangerous for vehicles. A elderly resident may be affected.,Roads,Kukatpally,17.484405,78.414146,GHMC Roads Department,9,9,5,9,7,79,High,Resolved,SYS-ROAD-KUKATPALLY,12,0.88,Urgent,16,Schedule pothole repair,10.1,Yes
GRV-1010,2026-08-16T00:35:00,Social Media,Power has been out in our area for 18 hours.,Electricity,Gachibowli,17.437785,78.347643,Electricity Distribution Department,9,7,10,2,8,76,High,Assigned,SYS-POWER-GACHIBOWLI,11,0.8,Concerned,6,Escalate outage to field engineer,,Yes
GRV-1011,2026-07-20T21:40:00,Walk-in,Our apartment has not received drinking water for 5 days.,Water Supply,Madhapur,17.448713,78.390921,Water Supply Department,5,5,10,5,9,66,Medium,New,SYS-WATER-MADHAPUR,32,0.78,Negative,14,Dispatch field inspection team,,Yes
GRV-1012,2026-08-18T07:55:00,Mobile App,Water pressure has been very low in Madhapur since 1 days. A local shops may be affected.,Water Supply,Madhapur,17.449635,78.390329,Water Supply Department,7,9,9,3,10,76,High,Resolved,SYS-WATER-MADHAPUR,19,0.79,Urgent,7,Initiate emergency tanker support,3.8,Yes
GRV-1013,2026-08-15T16:51:00,Web,Water pressure has been very low in Madhapur since 5 days.,Water Supply,Madhapur,17.44736,78.38781,Water Supply Department,6,8,5,3,9,62,Medium,Assigned,SYS-WATER-MADHAPUR,35,0.94,Frustrated,13,Initiate emergency tanker support,,Yes
GRV-1014,2026-07-18T07:49:00,Social Media,Our street has repeated missed waste collection complaints. A school nearby may be affected.,Sanitation,Banjara Hills,17.414797,78.438549,Sanitation Department,6,6,5,7,8,62,Medium,Assigned,SYS-SANITATION-BANJARA,35,0.85,Frustrated,29,Inspect waste accumulation point,,Yes
GRV-1015,2026-08-02T22:38:00,Social Media,Our apartment has not received drinking water for 1 days. A child may be affected.,Water Supply,Madhapur,17.445821,78.387855,Water Supply Department,7,5,5,9,10,70,High,New,SYS-WATER-MADHAPUR,18,0.93,Concerned,22,Initiate emergency tanker support,,Yes
GRV-1016,2026-07-29T10:39:00,Web,Residents on our street are facing repeated water outages.,Water Supply,Madhapur,17.450058,78.389903,Water Supply Department,10,10,10,3,9,88,Critical,Escalated,SYS-WATER-MADHAPUR,29,0.79,Frustrated,16,Inspect local pipeline/network,,Yes
GRV-1017,2026-08-13T05:47:00,Call Center,Our apartment has not received drinking water for 6 days. A hospital nearby may be affected.,Water Supply,Madhapur,17.447549,78.39417,Water Supply Department,7,9,6,9,8,76,High,In Progress,SYS-WATER-MADHAPUR,20,0.91,Frustrated,11,Inspect local pipeline/network,,Yes
GRV-1018,2026-08-04T12:50:00,Call Center,Our street has repeated missed waste collection complaints.,Sanitation,Banjara Hills,17.415724,78.435764,Sanitation Department,9,10,7,5,10,84,High,Escalated,SYS-SANITATION-BANJARA,24,0.92,Frustrated,22,Inspect waste accumulation point,,Yes
GRV-1019,2026-08-17T02:04:00,Social Media,Our apartment has not received drinking water for 1 days. A person with disability may be affected.,Water Supply,Madhapur,17.445855,78.393071,Water Supply Department,6,6,5,9,7,64,Medium,Assigned,SYS-WATER-MADHAPUR,27,0.98,Urgent,20,Initiate emergency tanker support,,Yes
GRV-1020,2026-07-20T12:29:00,Social Media,Water pressure has been very low in Madhapur since 4 days.,Water Supply,Madhapur,17.449064,78.3951,Water Supply Department,5,5,8,3,8,58,Medium,Resolved,SYS-WATER-MADHAPUR,15,0.79,Frustrated,10,Initiate emergency tanker support,10.7,Yes
GRV-1021,2026-08-11T12:17:00,Mobile App,There is an open road crack/pothole near a school in Kukatpally.,Roads,Kukatpally,17.483097,78.41042,GHMC Roads Department,9,8,6,7,10,80,High,Resolved,SYS-ROAD-KUKATPALLY,15,0.83,Frustrated,61,Schedule pothole repair,45.4,Yes
GRV-1022,2026-07-24T11:04:00,Social Media,Our apartment has not received drinking water for 2 days. A school nearby may be affected.,Water Supply,Madhapur,17.448027,78.387998,Water Supply Department,9,5,6,3,8,66,Medium,Assigned,SYS-WATER-MADHAPUR,30,0.92,Frustrated,19,Initiate emergency tanker support,,Yes
GRV-1023,2026-08-07T15:51:00,Call Center,Repeated complaints about the damaged road have not been resolved. A hospital nearby may be affected.,Roads,Kukatpally,17.484387,78.410032,GHMC Roads Department,5,7,7,9,10,72,High,Resolved,SYS-ROAD-KUKATPALLY,31,0.89,Frustrated,50,Schedule pothole repair,37.6,Yes
GRV-1024,2026-07-21T02:55:00,Call Center,Water pressure has been very low in Madhapur since 6 days.,Water Supply,Madhapur,17.447333,78.389193,Water Supply Department,6,9,9,2,10,72,High,New,SYS-WATER-MADHAPUR,21,0.8,Negative,20,Inspect local pipeline/network,,Yes
GRV-1025,2026-07-24T21:41:00,Web,Our apartment has not received drinking water for 3 days.,Water Supply,Madhapur,17.451897,78.389095,Water Supply Department,8,7,5,5,7,66,Medium,Resolved,SYS-WATER-MADHAPUR,19,0.98,Negative,8,Dispatch field inspection team,8.5,Yes
GRV-1026,2026-07-31T01:10:00,Call Center,Water pressure has been very low in Madhapur since 5 days. A child may be affected.,Water Supply,Madhapur,17.445165,78.387705,Water Supply Department,10,5,9,9,8,84,High,Resolved,SYS-WATER-MADHAPUR,32,0.92,Frustrated,9,Inspect local pipeline/network,3.9,Yes
GRV-1027,2026-08-13T12:38:00,Social Media,There is an open road crack/pothole near a school in Kukatpally.,Roads,Kukatpally,17.487161,78.412578,GHMC Roads Department,6,5,9,7,8,68,Medium,New,SYS-ROAD-KUKATPALLY,17,0.92,Negative,63,Escalate to local engineering officer,,Yes
GRV-1028,2026-08-11T10:57:00,Walk-in,Garbage has not been collected in Banjara Hills for 6 days. A residential community may be affected.,Sanitation,Banjara Hills,17.413009,78.434874,Sanitation Department,7,5,8,8,10,74,High,Escalated,SYS-SANITATION-BANJARA,19,0.87,Negative,41,Inspect waste accumulation point,,Yes
GRV-1029,2026-07-25T17:48:00,Walk-in,Water pipeline near Madhapur appears damaged and residents have no supply. A residential community may be affected.,Water Supply,Madhapur,17.446991,78.391454,Water Supply Department,10,9,7,4,8,80,High,In Progress,SYS-WATER-MADHAPUR,22,0.84,Negative,20,Inspect local pipeline/network,,Yes
GRV-1030,2026-07-18T23:15:00,Mobile App,Water pressure has been very low in Madhapur since 2 days. A school nearby may be affected.,Water Supply,Madhapur,17.449825,78.392667,Water Supply Department,7,7,7,6,9,72,High,In Progress,SYS-WATER-MADHAPUR,14,0.88,Negative,19,Initiate emergency tanker support,,Yes
GRV-1031,2026-07-30T00:27:00,Walk-in,Power has been out in our area for 2 hours. A pregnant resident may be affected.,Electricity,Gachibowli,17.438267,78.346911,Electricity Distribution Department,8,10,6,9,9,83,High,Assigned,SYS-POWER-GACHIBOWLI,24,0.87,Concerned,19,Dispatch line inspection team,,Yes
GRV-1032,2026-08-15T05:37:00,Call Center,A broken road section is causing traffic problems near Kukatpally. A child may be affected.,Roads,Kukatpally,17.488744,78.416461,GHMC Roads Department,9,10,6,9,8,84,High,In Progress,SYS-ROAD-KUKATPALLY,16,0.93,Urgent,60,Schedule pothole repair,,Yes
GRV-1033,2026-07-20T17:40:00,Web,Waste is piling up near residential buildings in Banjara Hills. A school nearby may be affected.,Sanitation,Banjara Hills,17.416193,78.434455,Sanitation Department,10,9,6,4,7,76,High,New,SYS-SANITATION-BANJARA,30,0.89,Negative,43,Escalate to sanitation supervisor,,Yes
GRV-1034,2026-08-13T14:03:00,Social Media,Power has been out in our area for 7 hours. A person with disability may be affected.,Electricity,Gachibowli,17.443693,78.345581,Electricity Distribution Department,8,5,5,9,10,72,High,New,SYS-POWER-GACHIBOWLI,28,0.79,Frustrated,6,Inspect transformer/feed line,,Yes
GRV-1035,2026-08-02T15:19:00,Social Media,Repeated complaints about the damaged road have not been resolved. A high-footfall public area may be affected.,Roads,Kukatpally,17.488581,78.410594,GHMC Roads Department,9,6,9,5,10,80,High,In Progress,SYS-ROAD-KUKATPALLY,26,0.84,Frustrated,48,Barricade hazardous section,,Yes
GRV-1036,2026-08-13T17:38:00,Mobile App,Transformer near Gachibowli appears overloaded and outages are frequent.,Electricity,Gachibowli,17.438405,78.347162,Electricity Distribution Department,6,6,6,6,7,62,Medium,Assigned,SYS-POWER-GACHIBOWLI,22,0.78,Urgent,17,Initiate emergency restoration,,Yes
GRV-1037,2026-08-11T23:09:00,Mobile App,Our apartment has not received drinking water for 1 days.,Water Supply,Madhapur,17.450641,78.39226,Water Supply Department,10,9,10,8,8,92,Critical,Resolved,SYS-WATER-MADHAPUR,15,0.8,Frustrated,14,Inspect local pipeline/network,3.4,Yes
GRV-1038,2026-08-02T18:47:00,Web,There is an open road crack/pothole near a school in Kukatpally.,Roads,Kukatpally,17.481631,78.417495,GHMC Roads Department,10,8,7,6,10,84,High,In Progress,SYS-ROAD-KUKATPALLY,9,0.8,Frustrated,32,Dispatch road inspection team,,Yes
GRV-1039,2026-08-02T22:40:00,Walk-in,Residents on our street are facing repeated water outages. A elderly resident may be affected.,Water Supply,Madhapur,17.446966,78.392861,Water Supply Department,6,8,9,9,10,80,High,Resolved,SYS-WATER-MADHAPUR,26,0.82,Concerned,21,Escalate to Zone Water Officer,15.9,Yes
GRV-1040,2026-07-20T06:49:00,Web,Water pipeline near Madhapur appears damaged and residents have no supply. A pregnant resident may be affected.,Water Supply,Madhapur,17.449561,78.391841,Water Supply Department,8,9,5,9,10,80,High,Resolved,SYS-WATER-MADHAPUR,18,0.84,Negative,18,Initiate emergency tanker support,22.6,Yes
GRV-1041,2026-07-27T14:28:00,Social Media,Residents on our street are facing repeated water outages. A hospital nearby may be affected.,Water Supply,Madhapur,17.450695,78.393178,Water Supply Department,8,10,8,9,7,84,High,New,SYS-WATER-MADHAPUR,12,0.83,Urgent,21,Inspect local pipeline/network,,Yes
GRV-1042,2026-07-27T18:32:00,Walk-in,Residents on our street are facing repeated water outages. A hospital nearby may be affected.,Water Supply,Madhapur,17.452142,78.38945,Water Supply Department,6,5,8,9,7,68,Medium,Assigned,SYS-WATER-MADHAPUR,30,0.88,Urgent,14,Escalate to Zone Water Officer,,Yes
GRV-1043,2026-07-26T17:52:00,Call Center,Repeated complaints about the damaged road have not been resolved. A residential community may be affected.,Roads,Kukatpally,17.4876,78.414439,GHMC Roads Department,6,5,7,8,10,69,Medium,Assigned,SYS-ROAD-KUKATPALLY,24,0.97,Concerned,12,Escalate to local engineering officer,,Yes
GRV-1044,2026-07-23T09:44:00,Mobile App,Water pipeline near Madhapur appears damaged and residents have no supply. A local shops may be affected.,Water Supply,Madhapur,17.451148,78.390786,Water Supply Department,7,7,9,8,10,80,High,In Progress,SYS-WATER-MADHAPUR,35,0.97,Frustrated,13,Inspect local pipeline/network,,Yes
GRV-1045,2026-07-29T11:55:00,Social Media,A damaged electric pole is creating a safety concern. A hospital nearby may be affected.,Electricity,Gachibowli,17.443384,78.345023,Electricity Distribution Department,10,10,6,9,10,90,Critical,Resolved,SYS-POWER-GACHIBOWLI,26,0.81,Negative,5,Inspect transformer/feed line,4.4,Yes
GRV-1046,2026-08-13T02:54:00,Call Center,No water supply in our locality for 4 days. A residential community may be affected.,Water Supply,Madhapur,17.449314,78.3946,Water Supply Department,7,7,9,7,10,78,High,Assigned,SYS-WATER-MADHAPUR,35,0.95,Negative,23,Initiate emergency tanker support,,Yes
GRV-1047,2026-08-16T18:40:00,Call Center,Power interruption has affected homes and local shops. A elderly resident may be affected.,Electricity,Gachibowli,17.443327,78.345268,Electricity Distribution Department,10,10,7,9,8,90,Critical,Resolved,SYS-POWER-GACHIBOWLI,11,0.87,Negative,24,Dispatch line inspection team,17.1,Yes
GRV-1048,2026-07-31T15:39:00,Social Media,Transformer near Gachibowli appears overloaded and outages are frequent. A residential community may be affected.,Electricity,Gachibowli,17.437245,78.348589,Electricity Distribution Department,6,9,8,6,8,73,High,New,SYS-POWER-GACHIBOWLI,27,0.82,Urgent,23,Escalate outage to field engineer,,Yes
GRV-1049,2026-08-09T09:19:00,Walk-in,No water supply in our locality for 4 days.,Water Supply,Madhapur,17.451062,78.389094,Water Supply Department,8,7,10,6,8,79,High,Escalated,SYS-WATER-MADHAPUR,19,0.87,Negative,19,Initiate emergency tanker support,,Yes
GRV-1050,2026-08-12T10:25:00,Web,A large pothole has formed near Kukatpally and is dangerous for vehicles. A person with disability may be affected.,Roads,Kukatpally,17.488185,78.415761,GHMC Roads Department,9,7,9,9,9,86,Critical,New,SYS-ROAD-KUKATPALLY,34,0.78,Concerned,29,Schedule pothole repair,,Yes
GRV-1051,2026-08-11T21:02:00,Call Center,Repeated complaints about the damaged road have not been resolved.,Roads,Kukatpally,17.486759,78.410521,GHMC Roads Department,6,10,6,6,9,72,High,Resolved,SYS-ROAD-KUKATPALLY,28,0.91,Urgent,31,Schedule pothole repair,3.5,Yes
GRV-1052,2026-08-04T21:51:00,Call Center,We are facing repeated power cuts in Gachibowli. A person with disability may be affected.,Electricity,Gachibowli,17.442534,78.348647,Electricity Distribution Department,9,7,9,9,9,86,Critical,Escalated,SYS-POWER-GACHIBOWLI,34,0.83,Urgent,11,Dispatch line inspection team,,Yes
GRV-1053,2026-08-03T17:23:00,Call Center,There is an open road crack/pothole near a school in Kukatpally.,Roads,Kukatpally,17.485576,78.416379,GHMC Roads Department,9,7,5,8,10,78,High,Escalated,SYS-ROAD-KUKATPALLY,11,0.83,Negative,55,Schedule pothole repair,,Yes
GRV-1054,2026-08-14T05:19:00,Mobile App,A damaged electric pole is creating a safety concern. A elderly resident may be affected.,Electricity,Gachibowli,17.436463,78.345198,Electricity Distribution Department,9,7,9,9,8,84,High,Assigned,SYS-POWER-GACHIBOWLI,22,0.91,Negative,22,Initiate emergency restoration,,Yes
GRV-1055,2026-07-19T13:53:00,Call Center,Water pressure has been very low in Madhapur since 1 days.,Water Supply,Madhapur,17.444562,78.390464,Water Supply Department,6,8,8,4,10,71,High,In Progress,SYS-WATER-MADHAPUR,28,0.96,Urgent,21,Initiate emergency tanker support,,Yes
GRV-1056,2026-07-20T13:54:00,Mobile App,Transformer near Gachibowli appears overloaded and outages are frequent. A elderly resident may be affected.,Electricity,Gachibowli,17.441234,78.349677,Electricity Distribution Department,10,7,9,9,9,89,Critical,New,SYS-POWER-GACHIBOWLI,14,0.86,Negative,16,Dispatch line inspection team,,Yes
GRV-1057,2026-07-29T08:49:00,Call Center,We are facing repeated power cuts in Gachibowli.,Electricity,Gachibowli,17.442967,78.346058,Electricity Distribution Department,9,6,5,8,8,73,High,Resolved,SYS-POWER-GACHIBOWLI,15,0.94,Urgent,6,Inspect transformer/feed line,6.2,Yes
GRV-1058,2026-07-22T18:16:00,Walk-in,Waste is piling up near residential buildings in Banjara Hills. A child may be affected.,Sanitation,Banjara Hills,17.415809,78.436665,Sanitation Department,5,6,5,9,9,64,Medium,New,SYS-SANITATION-BANJARA,8,0.9,Urgent,15,Escalate to sanitation supervisor,,Yes
GRV-1059,2026-07-17T22:30:00,Web,Power interruption has affected homes and local shops. A senior citizens may be affected.,Electricity,Gachibowli,17.440022,78.352178,Electricity Distribution Department,8,9,6,6,7,74,High,Assigned,SYS-POWER-GACHIBOWLI,8,0.87,Concerned,14,Dispatch line inspection team,,Yes
GRV-1060,2026-07-27T21:29:00,Web,Uncollected waste is creating foul smell and health concerns. A child may be affected.,Sanitation,Banjara Hills,17.417945,78.431615,Sanitation Department,6,7,9,9,9,77,High,In Progress,SYS-SANITATION-BANJARA,24,0.98,Frustrated,44,Increase collection frequency,,Yes
GRV-1061,2026-07-26T05:23:00,Walk-in,Water pressure has been very low in Madhapur since 4 days. A hospital nearby may be affected.,Water Supply,Madhapur,17.444837,78.394154,Water Supply Department,8,8,8,9,7,80,High,Escalated,SYS-WATER-MADHAPUR,29,0.87,Concerned,10,Dispatch field inspection team,,Yes
GRV-1062,2026-08-12T17:48:00,Call Center,Overflowing garbage bins are causing a hygiene issue.,Sanitation,Banjara Hills,17.416403,78.433513,Sanitation Department,9,5,9,6,9,78,High,Resolved,SYS-SANITATION-BANJARA,35,0.86,Negative,39,Increase collection frequency,42.7,Yes
GRV-1063,2026-08-08T06:49:00,Social Media,The road near Kukatpally has been damaged for 2 days.,Roads,Kukatpally,17.48111,78.417233,GHMC Roads Department,7,9,7,2,9,70,High,In Progress,SYS-ROAD-KUKATPALLY,35,0.94,Urgent,64,Schedule pothole repair,,Yes
GRV-1064,2026-07-18T07:09:00,Social Media,Transformer near Gachibowli appears overloaded and outages are frequent.,Electricity,Gachibowli,17.437821,78.348259,Electricity Distribution Department,7,7,7,2,8,64,Medium,Resolved,SYS-POWER-GACHIBOWLI,20,0.89,Urgent,22,Escalate outage to field engineer,4.8,Yes
GRV-1065,2026-08-13T02:05:00,Walk-in,Transformer near Gachibowli appears overloaded and outages are frequent.,Electricity,Gachibowli,17.439985,78.348436,Electricity Distribution Department,9,9,5,2,8,70,High,Assigned,SYS-POWER-GACHIBOWLI,9,0.93,Urgent,10,Escalate outage to field engineer,,Yes
GRV-1066,2026-08-09T21:03:00,Mobile App,No water supply in our locality for 2 days. A school nearby may be affected.,Water Supply,Madhapur,17.450439,78.393613,Water Supply Department,5,7,10,7,10,74,High,New,SYS-WATER-MADHAPUR,20,0.79,Concerned,6,Inspect local pipeline/network,,Yes
GRV-1067,2026-08-15T23:02:00,Web,Garbage has not been collected in Banjara Hills for 3 days. A residential community may be affected.,Sanitation,Banjara Hills,17.418497,78.435306,Sanitation Department,8,6,6,5,8,68,Medium,New,SYS-SANITATION-BANJARA,35,0.79,Concerned,39,Escalate to sanitation supervisor,,Yes
GRV-1068,2026-07-19T20:15:00,Social Media,Transformer near Gachibowli appears overloaded and outages are frequent. A child may be affected.,Electricity,Gachibowli,17.436729,78.351864,Electricity Distribution Department,5,7,6,9,10,70,High,In Progress,SYS-POWER-GACHIBOWLI,35,0.8,Concerned,15,Escalate outage to field engineer,,Yes
GRV-1069,2026-08-11T20:52:00,Mobile App,Water pressure has been very low in Madhapur since 2 days. A elderly resident may be affected.,Water Supply,Madhapur,17.446348,78.388888,Water Supply Department,10,5,9,9,8,84,High,New,SYS-WATER-MADHAPUR,34,0.85,Concerned,10,Escalate to Zone Water Officer,,Yes
GRV-1070,2026-07-28T19:09:00,Walk-in,Waste is piling up near residential buildings in Banjara Hills.,Sanitation,Banjara Hills,17.416651,78.437071,Sanitation Department,10,8,8,8,10,89,Critical,New,SYS-SANITATION-BANJARA,28,0.95,Concerned,40,Dispatch sanitation crew,,Yes
GRV-1071,2026-07-19T04:39:00,Social Media,No water supply in our locality for 3 days. A school nearby may be affected.,Water Supply,Madhapur,17.448735,78.393835,Water Supply Department,8,5,5,4,9,64,Medium,Assigned,SYS-WATER-MADHAPUR,35,0.91,Negative,22,Dispatch field inspection team,,Yes
GRV-1072,2026-08-05T20:41:00,Walk-in,Transformer near Gachibowli appears overloaded and outages are frequent. A high-footfall public area may be affected.,Electricity,Gachibowli,17.444028,78.349093,Electricity Distribution Department,9,6,5,5,7,67,Medium,New,SYS-POWER-GACHIBOWLI,10,0.98,Concerned,7,Inspect transformer/feed line,,Yes
GRV-1073,2026-08-08T03:43:00,Social Media,Overflowing garbage bins are causing a hygiene issue. A hospital nearby may be affected.,Sanitation,Banjara Hills,17.418586,78.433367,Sanitation Department,7,10,9,9,7,83,High,Assigned,SYS-SANITATION-BANJARA,11,0.79,Concerned,36,Increase collection frequency,,Yes
GRV-1074,2026-08-14T07:53:00,Walk-in,Water pipeline near Madhapur appears damaged and residents have no supply. A child may be affected.,Water Supply,Madhapur,17.448368,78.387646,Water Supply Department,10,5,7,9,10,82,High,New,SYS-WATER-MADHAPUR,29,0.94,Concerned,22,Inspect local pipeline/network,,Yes
GRV-1075,2026-07-19T15:32:00,Web,Overflowing garbage bins are causing a hygiene issue.,Sanitation,Banjara Hills,17.416895,78.437711,Sanitation Department,8,6,6,3,8,64,Medium,Resolved,SYS-SANITATION-BANJARA,33,0.84,Negative,46,Increase collection frequency,61.2,Yes
GRV-1076,2026-08-15T00:15:00,Walk-in,The road near Kukatpally has been damaged for 5 days. A child may be affected.,Roads,Kukatpally,17.482772,78.411713,GHMC Roads Department,10,9,6,9,10,88,Critical,In Progress,SYS-ROAD-KUKATPALLY,29,0.86,Negative,40,Escalate to local engineering officer,,Yes
GRV-1077,2026-07-22T05:52:00,Call Center,A broken road section is causing traffic problems near Kukatpally.,Roads,Kukatpally,17.481317,78.413645,GHMC Roads Department,9,8,8,8,9,84,High,Resolved,SYS-ROAD-KUKATPALLY,21,0.88,Frustrated,24,Schedule pothole repair,6.7,Yes
GRV-1078,2026-07-24T19:52:00,Walk-in,Repeated complaints about the damaged road have not been resolved.,Roads,Kukatpally,17.481326,78.413816,GHMC Roads Department,7,5,6,4,10,64,Medium,Resolved,SYS-ROAD-KUKATPALLY,10,0.95,Urgent,40,Barricade hazardous section,56.0,Yes
GRV-1079,2026-08-04T11:44:00,Social Media,Overflowing garbage bins are causing a hygiene issue. A person with disability may be affected.,Sanitation,Banjara Hills,17.411642,78.431334,Sanitation Department,7,5,10,9,9,78,High,Resolved,SYS-SANITATION-BANJARA,17,0.81,Urgent,20,Inspect waste accumulation point,15.1,Yes
GRV-1080,2026-07-25T12:26:00,Web,Repeated complaints about the damaged road have not been resolved.,Roads,Kukatpally,17.487594,78.413799,GHMC Roads Department,9,9,8,2,9,78,High,Resolved,SYS-ROAD-KUKATPALLY,9,0.84,Urgent,52,Dispatch road inspection team,36.7,Yes
GRV-1081,2026-07-23T07:42:00,Call Center,Residents on our street are facing repeated water outages. A person with disability may be affected.,Water Supply,Madhapur,17.444841,78.391708,Water Supply Department,6,7,8,9,7,72,High,In Progress,SYS-WATER-MADHAPUR,21,0.83,Concerned,8,Dispatch field inspection team,,Yes
GRV-1082,2026-08-12T08:40:00,Call Center,A large pothole has formed near Kukatpally and is dangerous for vehicles.,Roads,Kukatpally,17.481967,78.412618,GHMC Roads Department,7,7,10,2,9,72,High,Resolved,SYS-ROAD-KUKATPALLY,31,0.85,Negative,18,Schedule pothole repair,20.4,Yes
GRV-1083,2026-07-16T21:18:00,Mobile App,Water pipeline near Madhapur appears damaged and residents have no supply.,Water Supply,Madhapur,17.451386,78.390025,Water Supply Department,8,10,6,8,8,80,High,New,SYS-WATER-MADHAPUR,22,0.92,Negative,12,Inspect local pipeline/network,,Yes
GRV-1084,2026-07-26T23:07:00,Walk-in,Power interruption has affected homes and local shops. A residential community may be affected.,Electricity,Gachibowli,17.442046,78.352057,Electricity Distribution Department,5,10,6,4,9,66,Medium,Assigned,SYS-POWER-GACHIBOWLI,18,0.95,Negative,13,Initiate emergency restoration,,Yes
GRV-1085,2026-07-23T00:34:00,Web,A damaged electric pole is creating a safety concern.,Electricity,Gachibowli,17.438723,78.347265,Electricity Distribution Department,7,9,7,8,7,76,High,Assigned,SYS-POWER-GACHIBOWLI,27,0.8,Frustrated,11,Initiate emergency restoration,,Yes
GRV-1086,2026-07-17T18:04:00,Mobile App,Water pressure has been very low in Madhapur since 5 days.,Water Supply,Madhapur,17.451922,78.388642,Water Supply Department,7,8,5,7,9,71,High,Assigned,SYS-WATER-MADHAPUR,33,0.83,Frustrated,18,Initiate emergency tanker support,,Yes
GRV-1087,2026-08-03T12:23:00,Web,Power has been out in our area for 6 hours. A person with disability may be affected.,Electricity,Gachibowli,17.440691,78.349136,Electricity Distribution Department,10,7,7,9,10,86,Critical,Assigned,SYS-POWER-GACHIBOWLI,29,0.9,Negative,13,Initiate emergency restoration,,Yes
GRV-1088,2026-08-14T08:28:00,Walk-in,The road near Kukatpally has been damaged for 3 days.,Roads,Kukatpally,17.482501,78.410886,GHMC Roads Department,5,10,6,5,10,70,High,Resolved,SYS-ROAD-KUKATPALLY,16,0.83,Negative,25,Dispatch road inspection team,12.1,Yes
GRV-1089,2026-07-22T01:45:00,Web,Water pipeline near Madhapur appears damaged and residents have no supply.,Water Supply,Madhapur,17.452181,78.393837,Water Supply Department,10,7,10,4,7,80,High,Resolved,SYS-WATER-MADHAPUR,35,0.96,Concerned,11,Escalate to Zone Water Officer,9.4,Yes
GRV-1090,2026-08-14T22:46:00,Walk-in,Power has been out in our area for 17 hours. A school nearby may be affected.,Electricity,Gachibowli,17.442687,78.34549,Electricity Distribution Department,9,7,8,8,8,81,High,In Progress,SYS-POWER-GACHIBOWLI,20,0.79,Negative,17,Escalate outage to field engineer,,Yes
GRV-1091,2026-07-17T16:53:00,Call Center,There is an open road crack/pothole near a school in Kukatpally. A residential community may be affected.,Roads,Kukatpally,17.482217,78.412381,GHMC Roads Department,9,7,6,8,8,77,High,In Progress,SYS-ROAD-KUKATPALLY,35,0.87,Urgent,19,Barricade hazardous section,,Yes
GRV-1092,2026-08-07T02:05:00,Social Media,Our apartment has not received drinking water for 3 days.,Water Supply,Madhapur,17.451833,78.388734,Water Supply Department,7,6,10,6,9,76,High,In Progress,SYS-WATER-MADHAPUR,27,0.91,Urgent,22,Inspect local pipeline/network,,Yes
GRV-1093,2026-08-05T13:56:00,Call Center,No water supply in our locality for 7 days. A elderly resident may be affected.,Water Supply,Madhapur,17.448164,78.393938,Water Supply Department,10,9,7,9,8,88,Critical,Assigned,SYS-WATER-MADHAPUR,8,0.9,Frustrated,23,Initiate emergency tanker support,,Yes
GRV-1094,2026-07-28T16:55:00,Call Center,No water supply in our locality for 3 days.,Water Supply,Madhapur,17.452103,78.388546,Water Supply Department,6,8,8,5,10,72,High,Escalated,SYS-WATER-MADHAPUR,12,0.85,Urgent,16,Inspect local pipeline/network,,Yes
GRV-1095,2026-07-31T17:55:00,Mobile App,A broken road section is causing traffic problems near Kukatpally. A person with disability may be affected.,Roads,Kukatpally,17.487408,78.41727,GHMC Roads Department,5,7,8,9,8,70,High,Assigned,SYS-ROAD-KUKATPALLY,17,0.8,Urgent,51,Schedule pothole repair,,Yes
GRV-1096,2026-08-03T20:15:00,Web,A damaged electric pole is creating a safety concern.,Electricity,Gachibowli,17.436504,78.348859,Electricity Distribution Department,8,8,7,5,7,72,High,In Progress,SYS-POWER-GACHIBOWLI,24,0.97,Negative,8,Initiate emergency restoration,,Yes
GRV-1097,2026-08-08T15:35:00,Call Center,A large pothole has formed near Kukatpally and is dangerous for vehicles. A residential community may be affected.,Roads,Kukatpally,17.481488,78.413834,GHMC Roads Department,7,10,7,8,10,82,High,Assigned,SYS-ROAD-KUKATPALLY,9,0.79,Concerned,24,Schedule pothole repair,,Yes
GRV-1098,2026-08-01T11:32:00,Mobile App,Waste is piling up near residential buildings in Banjara Hills.,Sanitation,Banjara Hills,17.417309,78.437132,Sanitation Department,8,7,7,6,9,74,High,New,SYS-SANITATION-BANJARA,24,0.82,Urgent,14,Escalate to sanitation supervisor,,Yes
GRV-1099,2026-08-07T01:31:00,Walk-in,The road near Kukatpally has been damaged for 2 days. A school nearby may be affected.,Roads,Kukatpally,17.487426,78.412747,GHMC Roads Department,9,7,6,5,9,74,High,In Progress,SYS-ROAD-KUKATPALLY,24,0.88,Concerned,57,Dispatch road inspection team,,Yes
GRV-1100,2026-08-06T16:40:00,Mobile App,No water supply in our locality for 4 days. A high-footfall public area may be affected.,Water Supply,Madhapur,17.444553,78.395086,Water Supply Department,7,10,9,6,8,80,High,New,SYS-WATER-MADHAPUR,13,0.9,Negative,18,Dispatch field inspection team,,Yes
GRV-1101,2026-08-15T08:03:00,Mobile App,A damaged electric pole is creating a safety concern. A school nearby may be affected.,Electricity,Gachibowli,17.440587,78.352885,Electricity Distribution Department,6,8,10,3,10,74,High,New,SYS-POWER-GACHIBOWLI,31,0.95,Frustrated,24,Initiate emergency restoration,,Yes
GRV-1102,2026-07-25T20:17:00,Call Center,A broken road section is causing traffic problems near Kukatpally.,Roads,Kukatpally,17.487069,78.415439,GHMC Roads Department,8,9,7,6,9,78,High,Assigned,SYS-ROAD-KUKATPALLY,14,0.9,Concerned,47,Escalate to local engineering officer,,Yes
GRV-1103,2026-08-18T15:09:00,Web,A broken road section is causing traffic problems near Kukatpally. A senior citizens may be affected.,Roads,Kukatpally,17.483671,78.413339,GHMC Roads Department,10,7,7,2,10,76,High,New,SYS-ROAD-KUKATPALLY,32,0.94,Frustrated,30,Schedule pothole repair,,Yes
GRV-1104,2026-08-09T08:15:00,Social Media,We are facing repeated power cuts in Gachibowli. A person with disability may be affected.,Electricity,Gachibowli,17.437905,78.346763,Electricity Distribution Department,9,7,9,9,9,86,Critical,New,SYS-POWER-GACHIBOWLI,31,0.8,Urgent,9,Dispatch line inspection team,,Yes
GRV-1105,2026-08-04T16:41:00,Call Center,Water pipeline near Madhapur appears damaged and residents have no supply. A elderly resident may be affected.,Water Supply,Madhapur,17.449467,78.394763,Water Supply Department,6,5,9,9,8,72,High,Resolved,SYS-WATER-MADHAPUR,23,0.91,Frustrated,12,Dispatch field inspection team,6.6,Yes
GRV-1106,2026-08-17T22:31:00,Call Center,Power interruption has affected homes and local shops.,Electricity,Gachibowli,17.443114,78.344974,Electricity Distribution Department,5,6,8,8,8,67,Medium,Resolved,SYS-POWER-GACHIBOWLI,20,0.98,Negative,7,Dispatch line inspection team,10.2,Yes
GRV-1107,2026-07-29T10:10:00,Call Center,There is an open road crack/pothole near a school in Kukatpally.,Roads,Kukatpally,17.486649,78.409913,GHMC Roads Department,9,9,8,3,10,80,High,In Progress,SYS-ROAD-KUKATPALLY,11,0.82,Concerned,58,Schedule pothole repair,,Yes
GRV-1108,2026-08-01T10:42:00,Mobile App,Uncollected waste is creating foul smell and health concerns.,Sanitation,Banjara Hills,17.41542,78.438187,Sanitation Department,6,6,9,8,10,75,High,New,SYS-SANITATION-BANJARA,10,0.88,Frustrated,18,Dispatch sanitation crew,,Yes
GRV-1109,2026-07-25T09:03:00,Call Center,We are facing repeated power cuts in Gachibowli. A residential community may be affected.,Electricity,Gachibowli,17.437378,78.350389,Electricity Distribution Department,7,7,7,6,7,68,Medium,New,SYS-POWER-GACHIBOWLI,30,0.91,Concerned,23,Escalate outage to field engineer,,Yes
GRV-1110,2026-07-31T06:26:00,Walk-in,A broken road section is causing traffic problems near Kukatpally. A hospital nearby may be affected.,Roads,Kukatpally,17.486959,78.416216,GHMC Roads Department,6,6,6,9,10,70,High,In Progress,SYS-ROAD-KUKATPALLY,27,0.87,Urgent,56,Barricade hazardous section,,Yes
GRV-1111,2026-07-17T23:53:00,Social Media,Power interruption has affected homes and local shops.,Electricity,Gachibowli,17.437299,78.347525,Electricity Distribution Department,5,9,8,6,9,72,High,Resolved,SYS-POWER-GACHIBOWLI,11,0.96,Negative,19,Initiate emergency restoration,7.4,Yes
GRV-1112,2026-08-08T04:29:00,Walk-in,Residents on our street are facing repeated water outages. A residential community may be affected.,Water Supply,Madhapur,17.446336,78.387524,Water Supply Department,9,8,5,5,8,72,High,Escalated,SYS-WATER-MADHAPUR,9,0.87,Frustrated,15,Escalate to Zone Water Officer,,Yes
GRV-1113,2026-07-16T16:18:00,Mobile App,A large pothole has formed near Kukatpally and is dangerous for vehicles. A hospital nearby may be affected.,Roads,Kukatpally,17.487027,78.417627,GHMC Roads Department,10,5,9,9,7,82,High,New,SYS-ROAD-KUKATPALLY,23,0.98,Negative,38,Escalate to local engineering officer,,Yes
GRV-1114,2026-08-01T02:33:00,Mobile App,A damaged electric pole is creating a safety concern.,Electricity,Gachibowli,17.442779,78.350949,Electricity Distribution Department,8,8,5,7,8,72,High,Escalated,SYS-POWER-GACHIBOWLI,25,0.8,Concerned,6,Escalate outage to field engineer,,Yes
GRV-1115,2026-08-16T23:07:00,Web,Power interruption has affected homes and local shops. A hospital nearby may be affected.,Electricity,Gachibowli,17.438025,78.345438,Electricity Distribution Department,6,6,8,9,9,73,High,Resolved,SYS-POWER-GACHIBOWLI,31,0.84,Urgent,3,Dispatch line inspection team,3.0,Yes
GRV-1116,2026-07-25T07:52:00,Call Center,The road near Kukatpally has been damaged for 4 days.,Roads,Kukatpally,17.48552,78.41598,GHMC Roads Department,8,8,6,6,8,73,High,Escalated,SYS-ROAD-KUKATPALLY,17,0.81,Negative,70,Schedule pothole repair,,Yes
GRV-1117,2026-08-15T16:58:00,Walk-in,Water pressure has been very low in Madhapur since 2 days.,Water Supply,Madhapur,17.448747,78.387875,Water Supply Department,9,6,8,4,9,74,High,In Progress,SYS-WATER-MADHAPUR,26,0.89,Negative,11,Inspect local pipeline/network,,Yes
GRV-1118,2026-07-25T14:54:00,Mobile App,Uncollected waste is creating foul smell and health concerns. A school nearby may be affected.,Sanitation,Banjara Hills,17.418046,78.438018,Sanitation Department,8,8,6,4,10,73,High,Assigned,SYS-SANITATION-BANJARA,23,0.93,Urgent,26,Escalate to sanitation supervisor,,Yes
GRV-1119,2026-08-07T04:46:00,Walk-in,Water pressure has been very low in Madhapur since 4 days. A hospital nearby may be affected.,Water Supply,Madhapur,17.449689,78.392323,Water Supply Department,7,6,7,9,7,71,High,New,SYS-WATER-MADHAPUR,10,0.95,Frustrated,12,Dispatch field inspection team,,Yes
GRV-1120,2026-08-16T04:48:00,Mobile App,Water pipeline near Madhapur appears damaged and residents have no supply. A person with disability may be affected.,Water Supply,Madhapur,17.447473,78.389415,Water Supply Department,7,7,5,9,8,70,High,Resolved,SYS-WATER-MADHAPUR,11,0.97,Urgent,21,Inspect local pipeline/network,22.5,Yes
GRV-1121,2026-08-15T03:30:00,Call Center,There is an open road crack/pothole near a school in Kukatpally. A residential community may be affected.,Roads,Kukatpally,17.483403,78.410166,GHMC Roads Department,10,7,7,4,9,78,High,Resolved,SYS-ROAD-KUKATPALLY,33,0.87,Frustrated,60,Barricade hazardous section,82.5,Yes
GRV-1122,2026-07-25T03:24:00,Call Center,No water supply in our locality for 6 days. A pregnant resident may be affected.,Water Supply,Madhapur,17.446359,78.394073,Water Supply Department,9,9,10,9,10,94,Critical,Resolved,SYS-WATER-MADHAPUR,18,0.81,Concerned,24,Initiate emergency tanker support,19.0,Yes
GRV-1123,2026-07-18T12:52:00,Web,Transformer near Gachibowli appears overloaded and outages are frequent. A child may be affected.,Electricity,Gachibowli,17.439399,78.35164,Electricity Distribution Department,10,9,8,9,8,90,Critical,New,SYS-POWER-GACHIBOWLI,34,0.88,Negative,23,Inspect transformer/feed line,,Yes
GRV-1124,2026-08-07T20:26:00,Call Center,No water supply in our locality for 1 days. A person with disability may be affected.,Water Supply,Madhapur,17.448586,78.389794,Water Supply Department,8,7,5,9,10,76,High,New,SYS-WATER-MADHAPUR,25,0.78,Frustrated,6,Initiate emergency tanker support,,Yes
GRV-1125,2026-07-18T16:23:00,Mobile App,Power has been out in our area for 7 hours.,Electricity,Gachibowli,17.444022,78.346707,Electricity Distribution Department,9,6,6,3,9,69,Medium,In Progress,SYS-POWER-GACHIBOWLI,20,0.83,Concerned,14,Dispatch line inspection team,,Yes
GRV-1126,2026-08-05T15:54:00,Call Center,No water supply in our locality for 6 days. A hospital nearby may be affected.,Water Supply,Madhapur,17.448827,78.394364,Water Supply Department,8,9,8,9,7,82,High,In Progress,SYS-WATER-MADHAPUR,10,0.92,Negative,19,Dispatch field inspection team,,Yes
GRV-1127,2026-07-27T07:57:00,Web,We are facing repeated power cuts in Gachibowli. A person with disability may be affected.,Electricity,Gachibowli,17.437535,78.351703,Electricity Distribution Department,10,9,8,9,9,91,Critical,In Progress,SYS-POWER-GACHIBOWLI,29,0.96,Negative,19,Dispatch line inspection team,,Yes
GRV-1128,2026-07-21T07:50:00,Social Media,A damaged electric pole is creating a safety concern.,Electricity,Gachibowli,17.442064,78.347667,Electricity Distribution Department,7,6,9,3,10,70,High,Escalated,SYS-POWER-GACHIBOWLI,31,0.86,Concerned,24,Dispatch line inspection team,,Yes
GRV-1129,2026-08-03T13:31:00,Walk-in,Power has been out in our area for 9 hours. A school nearby may be affected.,Electricity,Gachibowli,17.439555,78.350338,Electricity Distribution Department,9,9,8,8,9,86,Critical,Assigned,SYS-POWER-GACHIBOWLI,33,0.91,Negative,9,Initiate emergency restoration,,Yes
GRV-1130,2026-07-19T05:00:00,Call Center,We are facing repeated power cuts in Gachibowli.,Electricity,Gachibowli,17.436918,78.345598,Electricity Distribution Department,5,7,6,5,8,60,Medium,Assigned,SYS-POWER-GACHIBOWLI,11,0.84,Frustrated,11,Initiate emergency restoration,,Yes
GRV-1131,2026-07-27T18:26:00,Social Media,Water pipeline near Madhapur appears damaged and residents have no supply. A elderly resident may be affected.,Water Supply,Madhapur,17.451542,78.395325,Water Supply Department,5,7,9,9,7,71,High,Resolved,SYS-WATER-MADHAPUR,8,0.95,Concerned,18,Escalate to Zone Water Officer,20.1,Yes
GRV-1132,2026-08-02T07:19:00,Mobile App,We are facing repeated power cuts in Gachibowli. A child may be affected.,Electricity,Gachibowli,17.441867,78.348866,Electricity Distribution Department,7,7,8,9,8,76,High,Resolved,SYS-POWER-GACHIBOWLI,16,0.81,Negative,17,Inspect transformer/feed line,10.5,Yes
GRV-1133,2026-08-12T02:38:00,Social Media,Waste is piling up near residential buildings in Banjara Hills. A school nearby may be affected.,Sanitation,Banjara Hills,17.419178,78.432307,Sanitation Department,8,7,9,5,9,77,High,Assigned,SYS-SANITATION-BANJARA,34,0.85,Frustrated,20,Inspect waste accumulation point,,Yes
GRV-1134,2026-08-17T20:25:00,Social Media,Overflowing garbage bins are causing a hygiene issue. A pregnant resident may be affected.,Sanitation,Banjara Hills,17.413198,78.438678,Sanitation Department,10,10,8,9,8,92,Critical,New,SYS-SANITATION-BANJARA,34,0.86,Concerned,35,Increase collection frequency,,Yes
GRV-1135,2026-08-11T08:19:00,Mobile App,A damaged electric pole is creating a safety concern.,Electricity,Gachibowli,17.441822,78.351213,Electricity Distribution Department,6,8,7,8,7,70,High,Assigned,SYS-POWER-GACHIBOWLI,12,0.91,Frustrated,9,Dispatch line inspection team,,Yes
GRV-1136,2026-08-07T05:38:00,Mobile App,Uncollected waste is creating foul smell and health concerns. A hospital nearby may be affected.,Sanitation,Banjara Hills,17.416861,78.43354,Sanitation Department,9,10,8,9,7,87,Critical,New,SYS-SANITATION-BANJARA,33,0.92,Concerned,17,Dispatch sanitation crew,,Yes
GRV-1137,2026-08-08T03:37:00,Call Center,Our apartment has not received drinking water for 5 days.,Water Supply,Madhapur,17.447429,78.393679,Water Supply Department,8,5,5,2,9,60,Medium,New,SYS-WATER-MADHAPUR,24,0.88,Urgent,24,Escalate to Zone Water Officer,,Yes
GRV-1138,2026-08-17T19:13:00,Walk-in,Our street has repeated missed waste collection complaints. A elderly resident may be affected.,Sanitation,Banjara Hills,17.412381,78.436476,Sanitation Department,8,5,5,9,8,70,High,In Progress,SYS-SANITATION-BANJARA,22,0.84,Concerned,45,Escalate to sanitation supervisor,,Yes
GRV-1139,2026-08-15T22:15:00,Mobile App,Transformer near Gachibowli appears overloaded and outages are frequent. A elderly resident may be affected.,Electricity,Gachibowli,17.438748,78.348311,Electricity Distribution Department,10,5,5,9,9,77,High,New,SYS-POWER-GACHIBOWLI,13,0.92,Negative,18,Initiate emergency restoration,,Yes
GRV-1140,2026-07-31T22:00:00,Web,Waste is piling up near residential buildings in Banjara Hills. A child may be affected.,Sanitation,Banjara Hills,17.416219,78.437096,Sanitation Department,10,8,8,9,7,86,Critical,New,SYS-SANITATION-BANJARA,21,0.87,Urgent,25,Increase collection frequency,,Yes
GRV-1141,2026-07-20T04:22:00,Call Center,Water pressure has been very low in Madhapur since 3 days. A residential community may be affected.,Water Supply,Madhapur,17.451649,78.392221,Water Supply Department,7,10,8,6,9,80,High,Resolved,SYS-WATER-MADHAPUR,26,0.9,Frustrated,17,Escalate to Zone Water Officer,16.5,Yes
GRV-1142,2026-07-31T16:27:00,Social Media,Water pressure has been very low in Madhapur since 3 days. A school nearby may be affected.,Water Supply,Madhapur,17.449847,78.392662,Water Supply Department,6,7,10,3,10,72,High,In Progress,SYS-WATER-MADHAPUR,26,0.9,Frustrated,11,Escalate to Zone Water Officer,,Yes
GRV-1143,2026-07-21T03:12:00,Walk-in,A damaged electric pole is creating a safety concern. A pregnant resident may be affected.,Electricity,Gachibowli,17.439373,78.348834,Electricity Distribution Department,6,7,8,9,7,72,High,Resolved,SYS-POWER-GACHIBOWLI,23,0.97,Concerned,14,Initiate emergency restoration,11.6,Yes
GRV-1144,2026-08-08T11:47:00,Web,A large pothole has formed near Kukatpally and is dangerous for vehicles. A senior citizens may be affected.,Roads,Kukatpally,17.485482,78.411943,GHMC Roads Department,6,7,5,4,8,60,Medium,Resolved,SYS-ROAD-KUKATPALLY,22,0.81,Concerned,61,Schedule pothole repair,51.2,Yes
GRV-1145,2026-08-03T12:16:00,Web,Water pipeline near Madhapur appears damaged and residents have no supply. A local shops may be affected.,Water Supply,Madhapur,17.450505,78.389396,Water Supply Department,8,5,10,8,8,78,High,Resolved,SYS-WATER-MADHAPUR,9,0.95,Concerned,17,Inspect local pipeline/network,4.0,Yes
GRV-1146,2026-07-29T03:45:00,Call Center,The road near Kukatpally has been damaged for 7 days. A high-footfall public area may be affected.,Roads,Kukatpally,17.488519,78.413915,GHMC Roads Department,6,6,5,6,9,62,Medium,Assigned,SYS-ROAD-KUKATPALLY,13,0.9,Concerned,30,Dispatch road inspection team,,Yes
GRV-1147,2026-07-25T21:48:00,Social Media,Garbage has not been collected in Banjara Hills for 2 days.,Sanitation,Banjara Hills,17.416659,78.435723,Sanitation Department,10,6,10,8,8,86,Critical,In Progress,SYS-SANITATION-BANJARA,18,0.81,Urgent,37,Escalate to sanitation supervisor,,Yes
GRV-1148,2026-08-09T03:00:00,Walk-in,No water supply in our locality for 4 days. A hospital nearby may be affected.,Water Supply,Madhapur,17.449379,78.393078,Water Supply Department,10,7,10,9,9,91,Critical,Escalated,SYS-WATER-MADHAPUR,18,0.97,Frustrated,8,Dispatch field inspection team,,Yes
GRV-1149,2026-08-08T11:54:00,Web,Waste is piling up near residential buildings in Banjara Hills.,Sanitation,Banjara Hills,17.411968,78.435709,Sanitation Department,6,8,7,4,9,68,Medium,Resolved,SYS-SANITATION-BANJARA,12,0.89,Concerned,43,Escalate to sanitation supervisor,57.9,Yes
GRV-1150,2026-07-19T07:41:00,Call Center,Waste is piling up near residential buildings in Banjara Hills. A residential community may be affected.,Sanitation,Banjara Hills,17.416916,78.435891,Sanitation Department,5,8,6,7,8,66,Medium,Assigned,SYS-SANITATION-BANJARA,16,0.81,Concerned,35,Dispatch sanitation crew,,Yes
GRV-1151,2026-07-24T23:33:00,Web,The road near Kukatpally has been damaged for 4 days. A residential community may be affected.,Roads,Kukatpally,17.486465,78.416337,GHMC Roads Department,5,10,5,2,8,60,Medium,Assigned,SYS-ROAD-KUKATPALLY,26,0.8,Frustrated,55,Escalate to local engineering officer,,Yes
GRV-1152,2026-07-21T04:24:00,Mobile App,Water pipeline near Madhapur appears damaged and residents have no supply. A elderly resident may be affected.,Water Supply,Madhapur,17.444847,78.392006,Water Supply Department,8,5,10,9,7,78,High,In Progress,SYS-WATER-MADHAPUR,17,0.84,Negative,10,Escalate to Zone Water Officer,,Yes
GRV-1153,2026-07-21T07:48:00,Walk-in,Water pressure has been very low in Madhapur since 4 days.,Water Supply,Madhapur,17.447112,78.390935,Water Supply Department,6,8,9,7,10,78,High,In Progress,SYS-WATER-MADHAPUR,11,0.8,Urgent,9,Escalate to Zone Water Officer,,Yes
GRV-1154,2026-07-28T04:13:00,Mobile App,No water supply in our locality for 2 days. A person with disability may be affected.,Water Supply,Madhapur,17.450283,78.389864,Water Supply Department,9,9,10,9,9,92,Critical,In Progress,SYS-WATER-MADHAPUR,29,0.95,Negative,22,Dispatch field inspection team,,Yes
GRV-1155,2026-07-20T23:24:00,Social Media,Water pipeline near Madhapur appears damaged and residents have no supply. A hospital nearby may be affected.,Water Supply,Madhapur,17.449764,78.393602,Water Supply Department,6,8,10,9,7,78,High,Assigned,SYS-WATER-MADHAPUR,18,0.98,Negative,24,Dispatch field inspection team,,Yes
GRV-1156,2026-07-18T20:40:00,Mobile App,No water supply in our locality for 1 days. A pregnant resident may be affected.,Water Supply,Madhapur,17.44652,78.389979,Water Supply Department,5,5,8,9,9,68,Medium,In Progress,SYS-WATER-MADHAPUR,20,0.86,Frustrated,23,Escalate to Zone Water Officer,,Yes
GRV-1157,2026-07-25T12:03:00,Walk-in,Repeated complaints about the damaged road have not been resolved. A school nearby may be affected.,Roads,Kukatpally,17.481828,78.414698,GHMC Roads Department,9,10,10,7,7,88,Critical,New,SYS-ROAD-KUKATPALLY,31,0.92,Concerned,27,Dispatch road inspection team,,Yes
GRV-1158,2026-08-06T09:50:00,Mobile App,Garbage has not been collected in Banjara Hills for 3 days. A elderly resident may be affected.,Sanitation,Banjara Hills,17.417598,78.437688,Sanitation Department,6,10,5,9,8,74,High,New,SYS-SANITATION-BANJARA,24,0.97,Frustrated,28,Dispatch sanitation crew,,Yes
GRV-1159,2026-07-17T16:31:00,Mobile App,Our apartment has not received drinking water for 7 days.,Water Supply,Madhapur,17.446341,78.388323,Water Supply Department,7,9,5,4,7,66,Medium,New,SYS-WATER-MADHAPUR,19,0.87,Frustrated,24,Dispatch field inspection team,,Yes
GRV-1160,2026-07-22T23:59:00,Walk-in,A large pothole has formed near Kukatpally and is dangerous for vehicles. A elderly resident may be affected.,Roads,Kukatpally,17.482696,78.411786,GHMC Roads Department,5,6,5,9,10,66,Medium,New,SYS-ROAD-KUKATPALLY,12,0.86,Concerned,66,Schedule pothole repair,,Yes
GRV-1161,2026-08-01T10:04:00,Call Center,Residents on our street are facing repeated water outages. A hospital nearby may be affected.,Water Supply,Madhapur,17.446918,78.391925,Water Supply Department,9,10,5,9,8,82,High,Resolved,SYS-WATER-MADHAPUR,9,0.94,Urgent,20,Dispatch field inspection team,23.7,Yes
GRV-1162,2026-08-17T07:49:00,Social Media,Our apartment has not received drinking water for 3 days. A senior citizens may be affected.,Water Supply,Madhapur,17.450384,78.389461,Water Supply Department,7,10,9,3,10,78,High,Escalated,SYS-WATER-MADHAPUR,23,0.9,Concerned,12,Dispatch field inspection team,,Yes
GRV-1163,2026-07-28T10:06:00,Mobile App,Water pressure has been very low in Madhapur since 4 days. A local shops may be affected.,Water Supply,Madhapur,17.447659,78.395189,Water Supply Department,10,10,5,4,7,76,High,In Progress,SYS-WATER-MADHAPUR,31,0.95,Frustrated,12,Escalate to Zone Water Officer,,Yes
GRV-1164,2026-08-09T02:06:00,Walk-in,No water supply in our locality for 6 days. A elderly resident may be affected.,Water Supply,Madhapur,17.444899,78.392043,Water Supply Department,6,9,8,9,9,79,High,New,SYS-WATER-MADHAPUR,10,0.97,Frustrated,22,Initiate emergency tanker support,,Yes
GRV-1165,2026-07-18T12:12:00,Mobile App,We are facing repeated power cuts in Gachibowli. A pregnant resident may be affected.,Electricity,Gachibowli,17.436945,78.348497,Electricity Distribution Department,7,8,10,9,9,84,High,Resolved,SYS-POWER-GACHIBOWLI,15,0.87,Concerned,6,Escalate outage to field engineer,6.1,Yes
GRV-1166,2026-08-13T14:19:00,Call Center,Residents on our street are facing repeated water outages. A school nearby may be affected.,Water Supply,Madhapur,17.445487,78.393189,Water Supply Department,6,8,7,5,9,69,Medium,New,SYS-WATER-MADHAPUR,33,0.8,Negative,7,Inspect local pipeline/network,,Yes
GRV-1167,2026-08-18T15:50:00,Web,No water supply in our locality for 4 days.,Water Supply,Madhapur,17.450943,78.395361,Water Supply Department,7,6,5,5,10,66,Medium,New,SYS-WATER-MADHAPUR,11,0.8,Urgent,10,Escalate to Zone Water Officer,,Yes
GRV-1168,2026-07-23T18:57:00,Call Center,Overflowing garbage bins are causing a hygiene issue.,Sanitation,Banjara Hills,17.41258,78.438238,Sanitation Department,10,5,9,6,9,80,High,Resolved,SYS-SANITATION-BANJARA,10,0.78,Negative,40,Dispatch sanitation crew,7.3,Yes
GRV-1169,2026-07-27T06:28:00,Mobile App,There is an open road crack/pothole near a school in Banjara Hills. A elderly resident may be affected.,Roads,Banjara Hills,17.416778,78.434691,GHMC Roads Department,8,6,4,9,6,66,Medium,New,CL-357,2,0.84,Urgent,68,Escalate to local engineering officer,,No
GRV-1170,2026-08-04T19:34:00,Walk-in,Water pipeline near Madhapur appears damaged and residents have no supply. A person with disability may be affected.,Water Supply,Madhapur,17.446463,78.387709,Water Supply Department,9,7,5,9,1,66,Medium,Assigned,CL-282,2,0.77,Frustrated,21,Escalate to Zone Water Officer,,No
GRV-1171,2026-08-18T02:58:00,Walk-in,Residents on our street are facing repeated water outages. A school nearby may be affected.,Water Supply,HITEC City,17.442338,78.379914,Water Supply Department,7,4,4,2,4,46,Low,Resolved,CL-404,6,0.49,Urgent,7,Escalate to Zone Water Officer,10.1,No
GRV-1172,2026-08-05T06:02:00,Social Media,Repeated complaints about the damaged road have not been resolved. A elderly resident may be affected.,Roads,Miyapur,17.496724,78.355654,GHMC Roads Department,8,5,4,9,4,62,Medium,New,CL-205,1,0.64,Frustrated,17,Barricade hazardous section,,No
GRV-1173,2026-08-14T09:42:00,Mobile App,A large pothole has formed near Madhapur and is dangerous for vehicles. A elderly resident may be affected.,Roads,Madhapur,17.452107,78.393359,GHMC Roads Department,7,8,4,9,2,62,Medium,In Progress,CL-282,2,0.87,Concerned,37,Escalate to local engineering officer,,No
GRV-1174,2026-08-14T06:36:00,Social Media,An unsafe public area near Secunderabad has recurring incidents.,Public Safety,Secunderabad,17.438446,78.50077,Public Safety Department,9,4,8,4,5,64,Medium,Resolved,CL-246,0,0.45,Urgent,8,Escalate to local safety officer,9.7,No
GRV-1175,2026-07-24T06:15:00,Web,A damaged electric pole is leaning dangerously near homes.,Public Safety,Charminar,17.357985,78.474206,Public Safety Department,4,5,7,3,2,44,Low,Assigned,CL-384,2,0.59,Concerned,3,Initiate immediate risk mitigation,,No
GRV-1176,2026-07-16T18:18:00,Call Center,Repeated complaints about the damaged road have not been resolved. A hospital nearby may be affected.,Roads,Gachibowli,17.437461,78.347904,GHMC Roads Department,9,6,5,9,3,67,Medium,Assigned,CL-218,6,0.39,Frustrated,13,Dispatch road inspection team,,No
GRV-1177,2026-08-01T19:44:00,Call Center,Drain is blocked near Madhapur and water is accumulating. A residential community may be affected.,Drainage,Madhapur,17.446679,78.388267,Storm Water & Drainage Department,8,4,8,3,1,54,Medium,Escalated,CL-267,1,0.53,Negative,23,Escalate flooding risk to engineering team,,No
GRV-1178,2026-08-11T13:18:00,Walk-in,The storm-water drain near Begumpet is overflowing. A elderly resident may be affected.,Drainage,Begumpet,17.443068,78.470759,Storm Water & Drainage Department,3,5,9,9,4,56,Medium,In Progress,CL-163,1,0.36,Negative,8,Inspect storm-water line,,No
GRV-1179,2026-07-26T19:36:00,Web,Water pipeline near Manikonda appears damaged and residents have no supply. A hospital nearby may be affected.,Water Supply,Manikonda,17.406345,78.379465,Water Supply Department,6,3,6,9,8,62,Medium,New,CL-224,6,0.49,Frustrated,7,Initiate emergency tanker support,,No
GRV-1180,2026-08-14T19:02:00,Social Media,Water is entering homes due to drainage blockage. A hospital nearby may be affected.,Drainage,Kondapur,17.45868,78.368294,Storm Water & Drainage Department,7,8,9,9,4,74,High,In Progress,CL-346,3,0.51,Frustrated,22,Escalate flooding risk to engineering team,,No
GRV-1181,2026-07-28T23:58:00,Social Media,The road near Miyapur has been damaged for 7 days. A elderly resident may be affected.,Roads,Miyapur,17.495509,78.35521,GHMC Roads Department,3,8,8,9,4,60,Medium,Resolved,CL-301,2,0.8,Urgent,58,Escalate to local engineering officer,7.7,No
GRV-1182,2026-08-07T04:56:00,Social Media,Water pressure has been very low in Manikonda since 1 days. A child may be affected.,Water Supply,Manikonda,17.404784,78.374378,Water Supply Department,7,7,3,9,2,58,Medium,Resolved,CL-346,6,0.77,Negative,17,Initiate emergency tanker support,8.2,No
GRV-1183,2026-07-28T06:19:00,Mobile App,A broken road section is causing traffic problems near Banjara Hills.,Roads,Banjara Hills,17.412675,78.438494,GHMC Roads Department,3,8,9,4,6,58,Medium,Resolved,CL-448,6,0.53,Negative,29,Escalate to local engineering officer,37.6,No
GRV-1184,2026-07-18T03:19:00,Social Media,Waste is piling up near residential buildings in Madhapur. A residential community may be affected.,Sanitation,Madhapur,17.444532,78.389042,Sanitation Department,9,6,9,8,6,78,High,Assigned,CL-334,1,0.63,Negative,44,Increase collection frequency,,No
GRV-1185,2026-07-31T05:31:00,Social Media,Our apartment has not received drinking water for 4 days.,Water Supply,Kondapur,17.460298,78.362008,Water Supply Department,5,5,9,6,7,62,Medium,New,CL-350,1,0.72,Negative,20,Inspect local pipeline/network,,No
GRV-1186,2026-08-12T03:26:00,Web,There is a hazardous open section near a school. A elderly resident may be affected.,Public Safety,Kukatpally,17.484693,78.410859,Public Safety Department,9,7,5,9,4,70,High,New,CL-396,2,0.72,Urgent,10,Escalate to local safety officer,,No
GRV-1187,2026-08-13T05:33:00,Call Center,The storm-water drain near Madhapur is overflowing. A hospital nearby may be affected.,Drainage,Madhapur,17.448792,78.39225,Storm Water & Drainage Department,6,9,7,9,8,76,High,In Progress,CL-129,2,0.47,Concerned,18,Inspect storm-water line,,No
GRV-1188,2026-07-25T14:57:00,Call Center,Overflowing garbage bins are causing a hygiene issue.,Sanitation,Dilsukhnagar,17.370246,78.52647,Sanitation Department,8,5,6,4,5,60,Medium,Resolved,CL-369,6,0.43,Urgent,15,Escalate to sanitation supervisor,18.4,No
GRV-1189,2026-07-30T15:32:00,Call Center,Garbage has not been collected in Madhapur for 4 days. A senior citizens may be affected.,Sanitation,Madhapur,17.445081,78.388524,Sanitation Department,7,9,5,4,4,61,Medium,Resolved,CL-246,5,0.84,Frustrated,31,Inspect waste accumulation point,39.4,No
GRV-1190,2026-07-27T21:29:00,Social Media,A broken streetlight is creating a safety risk at night. A person with disability may be affected.,Public Safety,Charminar,17.365154,78.47127,Public Safety Department,4,8,6,9,7,64,Medium,In Progress,CL-349,4,0.55,Concerned,3,Escalate to local safety officer,,No
GRV-1191,2026-08-03T20:09:00,Call Center,Blocked drainage is creating a severe sanitation problem. A elderly resident may be affected.,Drainage,Madhapur,17.449348,78.388915,Storm Water & Drainage Department,9,4,4,9,4,62,Medium,Resolved,CL-149,4,0.57,Concerned,16,Dispatch drainage crew,6.0,No
GRV-1192,2026-07-31T16:00:00,Web,Residents on our street are facing repeated water outages.,Water Supply,Gachibowli,17.443236,78.350955,Water Supply Department,6,9,3,3,7,57,Medium,In Progress,CL-443,3,0.57,Frustrated,7,Escalate to Zone Water Officer,,No
GRV-1193,2026-07-17T06:19:00,Call Center,Water pressure has been very low in Manikonda since 6 days.,Water Supply,Manikonda,17.404469,78.378494,Water Supply Department,5,5,4,2,7,46,Low,In Progress,CL-334,6,0.44,Concerned,15,Escalate to Zone Water Officer,,No
GRV-1194,2026-08-09T11:32:00,Web,Waste is piling up near residential buildings in Kukatpally.,Sanitation,Kukatpally,17.483902,78.414923,Sanitation Department,9,6,2,3,4,54,Medium,New,CL-402,0,0.46,Urgent,22,Dispatch sanitation crew,,No
GRV-1195,2026-08-13T23:43:00,Social Media,Drain is blocked near Madhapur and water is accumulating.,Drainage,Madhapur,17.44646,78.392345,Storm Water & Drainage Department,6,6,8,2,5,56,Medium,Assigned,CL-369,1,0.73,Frustrated,6,Clear blocked drain,,No
GRV-1196,2026-07-22T04:02:00,Walk-in,Power has been out in our area for 5 hours. A residential community may be affected.,Electricity,Gachibowli,17.438745,78.344922,Electricity Distribution Department,7,4,6,8,4,59,Medium,In Progress,CL-116,2,0.73,Concerned,19,Dispatch line inspection team,,No
GRV-1197,2026-07-26T14:29:00,Web,Residents on our street are facing repeated water outages. A elderly resident may be affected.,Water Supply,Kukatpally,17.487718,78.412682,Water Supply Department,8,3,6,9,4,62,Medium,New,CL-164,2,0.88,Frustrated,7,Inspect local pipeline/network,,No
GRV-1198,2026-08-15T14:05:00,Walk-in,Power has been out in our area for 3 hours.,Electricity,Kukatpally,17.483075,78.412886,Electricity Distribution Department,8,8,4,4,6,63,Medium,Resolved,CL-446,2,0.87,Frustrated,13,Initiate emergency restoration,5.2,No
GRV-1199,2026-08-17T13:22:00,Mobile App,Power has been out in our area for 6 hours.,Electricity,Kukatpally,17.484765,78.413705,Electricity Distribution Department,9,4,3,5,8,60,Medium,New,CL-414,3,0.45,Frustrated,21,Initiate emergency restoration,,No
GRV-1200,2026-07-25T22:30:00,Social Media,Power has been out in our area for 12 hours.,Electricity,Gachibowli,17.443236,78.349803,Electricity Distribution Department,8,7,5,7,6,68,Medium,Escalated,CL-238,5,0.58,Negative,13,Dispatch line inspection team,,No
GRV-1201,2026-08-05T23:14:00,Web,There is a hazardous open section near a school.,Public Safety,Banjara Hills,17.415273,78.43711,Public Safety Department,3,9,9,4,4,57,Medium,In Progress,CL-260,0,0.87,Concerned,10,Initiate immediate risk mitigation,,No
GRV-1202,2026-08-10T02:39:00,Call Center,Water pipeline near Gachibowli appears damaged and residents have no supply.,Water Supply,Gachibowli,17.439007,78.345334,Water Supply Department,3,3,8,5,1,40,Low,Resolved,CL-316,6,0.8,Negative,15,Escalate to Zone Water Officer,13.5,No
GRV-1203,2026-08-18T11:18:00,Mobile App,A damaged electric pole is creating a safety concern. A child may be affected.,Electricity,Kondapur,17.461439,78.367275,Electricity Distribution Department,9,8,5,9,1,68,Medium,In Progress,CL-211,5,0.54,Concerned,19,Initiate emergency restoration,,No
GRV-1204,2026-08-11T08:53:00,Social Media,Water pipeline near HITEC City appears damaged and residents have no supply. A person with disability may be affected.,Water Supply,HITEC City,17.44715,78.374277,Water Supply Department,9,9,5,9,6,78,High,New,CL-317,0,0.76,Negative,24,Initiate emergency tanker support,,No
GRV-1205,2026-08-09T22:38:00,Social Media,Residents on our street are facing repeated water outages. A residential community may be affected.,Water Supply,Kukatpally,17.488227,78.415899,Water Supply Department,7,9,4,7,3,62,Medium,In Progress,CL-450,5,0.41,Urgent,16,Inspect local pipeline/network,,No
GRV-1206,2026-08-14T19:18:00,Mobile App,We are facing repeated power cuts in Kondapur. A hospital nearby may be affected.,Electricity,Kondapur,17.461531,78.366254,Electricity Distribution Department,8,8,6,9,6,74,High,Assigned,CL-381,4,0.46,Urgent,23,Escalate outage to field engineer,,No
GRV-1207,2026-07-19T21:01:00,Call Center,Residents are reporting a recurring public safety concern. A senior citizens may be affected.,Public Safety,Madhapur,17.450301,78.388787,Public Safety Department,8,8,8,7,5,74,High,New,CL-251,4,0.79,Frustrated,8,Inspect hazardous location,,No
GRV-1208,2026-08-15T21:35:00,Social Media,A damaged electric pole is leaning dangerously near homes. A person with disability may be affected.,Public Safety,Gachibowli,17.442374,78.351291,Public Safety Department,7,3,7,9,8,66,Medium,Escalated,CL-260,5,0.68,Negative,5,Inspect hazardous location,,No
GRV-1209,2026-08-03T05:53:00,Social Media,There is a hazardous open section near a school.,Public Safety,Kukatpally,17.485273,78.414627,Public Safety Department,8,5,2,2,5,48,Low,Resolved,CL-393,6,0.69,Urgent,5,Escalate to local safety officer,5.9,No
GRV-1210,2026-07-20T21:10:00,Mobile App,Waste is piling up near residential buildings in Kukatpally.,Sanitation,Kukatpally,17.48122,78.417229,Sanitation Department,8,7,3,5,1,53,Medium,New,CL-439,2,0.5,Frustrated,28,Dispatch sanitation crew,,No
GRV-1211,2026-08-01T13:05:00,Call Center,A broken streetlight is creating a safety risk at night.,Public Safety,Charminar,17.360249,78.473049,Public Safety Department,5,7,5,3,2,46,Low,New,CL-139,4,0.57,Urgent,7,Initiate immediate risk mitigation,,No
GRV-1212,2026-07-20T04:24:00,Social Media,Blocked drainage is creating a severe sanitation problem. A person with disability may be affected.,Drainage,Dilsukhnagar,17.371377,78.5237,Storm Water & Drainage Department,8,7,5,9,1,63,Medium,In Progress,CL-433,6,0.56,Concerned,14,Escalate flooding risk to engineering team,,No
GRV-1213,2026-07-24T10:55:00,Social Media,Transformer near Gachibowli appears overloaded and outages are frequent. A local shops may be affected.,Electricity,Gachibowli,17.44273,78.351929,Electricity Distribution Department,3,4,2,7,2,34,Low,Assigned,CL-138,6,0.71,Urgent,23,Initiate emergency restoration,,No
GRV-1214,2026-07-26T08:26:00,Web,A damaged electric pole is leaning dangerously near homes. A elderly resident may be affected.,Public Safety,Madhapur,17.447416,78.388446,Public Safety Department,3,3,4,9,5,44,Low,In Progress,CL-280,1,0.66,Negative,8,Dispatch safety inspection team,,No
GRV-1215,2026-07-31T14:25:00,Mobile App,A broken streetlight is creating a safety risk at night. A school nearby may be affected.,Public Safety,Kukatpally,17.481991,78.412928,Public Safety Department,7,3,6,8,5,58,Medium,New,CL-109,3,0.5,Negative,12,Inspect hazardous location,,No
GRV-1216,2026-07-28T08:13:00,Social Media,A broken streetlight is creating a safety risk at night. A senior citizens may be affected.,Public Safety,Banjara Hills,17.41274,78.432172,Public Safety Department,7,4,3,2,1,40,Low,New,CL-417,0,0.64,Frustrated,7,Inspect hazardous location,,No
GRV-1217,2026-08-09T02:31:00,Mobile App,Repeated complaints about the damaged road have not been resolved. A residential community may be affected.,Roads,Kukatpally,17.4817,78.414756,GHMC Roads Department,7,3,6,7,2,52,Medium,Assigned,CL-124,5,0.4,Concerned,72,Barricade hazardous section,,No
GRV-1218,2026-08-17T20:14:00,Call Center,Uncollected waste is creating foul smell and health concerns. A child may be affected.,Sanitation,Kukatpally,17.487923,78.413503,Sanitation Department,7,5,7,9,7,69,Medium,Assigned,CL-373,1,0.35,Urgent,39,Inspect waste accumulation point,,No
GRV-1219,2026-08-05T23:40:00,Web,Overflowing garbage bins are causing a hygiene issue.,Sanitation,Kukatpally,17.485313,78.414148,Sanitation Department,4,7,5,4,2,45,Low,Resolved,CL-254,6,0.83,Negative,13,Escalate to sanitation supervisor,12.1,No
GRV-1220,2026-08-12T14:15:00,Walk-in,Residents are reporting a recurring public safety concern.,Public Safety,Banjara Hills,17.412874,78.435231,Public Safety Department,5,4,9,6,2,53,Medium,Escalated,CL-235,0,0.55,Frustrated,11,Escalate to local safety officer,,No
GRV-1221,2026-08-18T02:23:00,Web,An unsafe public area near Kukatpally has recurring incidents.,Public Safety,Kukatpally,17.488745,78.412393,Public Safety Department,4,3,6,4,4,42,Low,In Progress,CL-211,4,0.71,Negative,8,Inspect hazardous location,,No
GRV-1222,2026-07-30T01:31:00,Mobile App,A damaged electric pole is leaning dangerously near homes. A senior citizens may be affected.,Public Safety,Gachibowli,17.43794,78.349016,Public Safety Department,9,3,6,5,4,58,Medium,Resolved,CL-312,6,0.54,Frustrated,9,Inspect hazardous location,2.1,No
GRV-1223,2026-08-04T18:13:00,Mobile App,Repeated complaints about the damaged road have not been resolved.,Roads,Miyapur,17.493245,78.357588,GHMC Roads Department,3,8,5,5,6,52,Medium,New,CL-205,3,0.61,Negative,49,Barricade hazardous section,,No
GRV-1224,2026-08-03T11:38:00,Mobile App,A large pothole has formed near Secunderabad and is dangerous for vehicles. A child may be affected.,Roads,Secunderabad,17.442257,78.500864,GHMC Roads Department,4,7,8,9,1,57,Medium,Resolved,CL-353,1,0.86,Concerned,42,Barricade hazardous section,12.4,No
GRV-1225,2026-08-05T20:43:00,Social Media,Blocked drainage is creating a severe sanitation problem. A high-footfall public area may be affected.,Drainage,Dilsukhnagar,17.369599,78.527722,Storm Water & Drainage Department,3,4,8,5,3,45,Low,Resolved,CL-134,4,0.36,Negative,19,Dispatch drainage crew,18.0,No
GRV-1226,2026-08-18T00:49:00,Social Media,Water pipeline near Gachibowli appears damaged and residents have no supply. A local shops may be affected.,Water Supply,Gachibowli,17.436882,78.345971,Water Supply Department,5,9,2,7,7,58,Medium,Assigned,CL-432,3,0.86,Urgent,18,Initiate emergency tanker support,,No
GRV-1227,2026-08-13T16:51:00,Walk-in,A broken road section is causing traffic problems near Kukatpally. A child may be affected.,Roads,Kukatpally,17.486113,78.411829,GHMC Roads Department,8,8,2,9,2,60,Medium,Assigned,CL-137,1,0.55,Negative,32,Escalate to local engineering officer,,No
GRV-1228,2026-07-26T03:19:00,Mobile App,Heavy rain has caused waterlogging in Kukatpally. A hospital nearby may be affected.,Drainage,Kukatpally,17.48774,78.415074,Storm Water & Drainage Department,9,7,9,9,3,77,High,Assigned,CL-388,3,0.65,Concerned,24,Clear blocked drain,,No
GRV-1229,2026-08-18T15:05:00,Web,Power interruption has affected homes and local shops. A hospital nearby may be affected.,Electricity,Kukatpally,17.483005,78.412767,Electricity Distribution Department,5,9,2,9,3,55,Medium,In Progress,CL-222,0,0.87,Frustrated,6,Dispatch line inspection team,,No
GRV-1230,2026-08-12T08:59:00,Social Media,A damaged electric pole is leaning dangerously near homes.,Public Safety,Secunderabad,17.439984,78.499888,Public Safety Department,7,3,4,7,8,58,Medium,Assigned,CL-152,6,0.36,Frustrated,10,Escalate to local safety officer,,No
GRV-1231,2026-08-06T10:00:00,Social Media,An unsafe public area near Madhapur has recurring incidents. A elderly resident may be affected.,Public Safety,Madhapur,17.447085,78.395206,Public Safety Department,5,9,8,9,6,72,High,Resolved,CL-343,1,0.57,Frustrated,3,Inspect hazardous location,3.4,No
GRV-1232,2026-08-18T14:32:00,Walk-in,Repeated complaints about the damaged road have not been resolved. A elderly resident may be affected.,Roads,Banjara Hills,17.419328,78.435205,GHMC Roads Department,4,6,3,9,2,46,Low,Resolved,CL-377,0,0.53,Concerned,28,Barricade hazardous section,34.5,No
GRV-1233,2026-08-06T08:34:00,Call Center,Our street has repeated missed waste collection complaints. A child may be affected.,Sanitation,Kukatpally,17.481644,78.41519,Sanitation Department,3,6,5,9,4,50,Medium,Escalated,CL-159,2,0.57,Concerned,12,Inspect waste accumulation point,,No
GRV-1234,2026-08-15T17:15:00,Mobile App,Our apartment has not received drinking water for 4 days. A person with disability may be affected.,Water Supply,Kukatpally,17.487591,78.412648,Water Supply Department,7,5,4,9,4,58,Medium,New,CL-123,1,0.75,Frustrated,14,Dispatch field inspection team,,No
GRV-1235,2026-07-27T01:31:00,Social Media,Residents on our street are facing repeated water outages.,Water Supply,Madhapur,17.445326,78.391706,Water Supply Department,9,6,7,6,6,71,High,Resolved,CL-256,4,0.83,Frustrated,11,Initiate emergency tanker support,15.3,No
GRV-1236,2026-08-13T02:13:00,Call Center,A damaged electric pole is creating a safety concern.,Electricity,Uppal,17.398497,78.558903,Electricity Distribution Department,9,4,9,2,8,68,Medium,In Progress,CL-356,0,0.72,Concerned,14,Escalate outage to field engineer,,No
GRV-1237,2026-08-08T17:08:00,Call Center,A damaged electric pole is creating a safety concern. A hospital nearby may be affected.,Electricity,Uppal,17.403433,78.561243,Electricity Distribution Department,6,8,7,9,6,70,High,Escalated,CL-384,1,0.5,Frustrated,20,Initiate emergency restoration,,No
GRV-1238,2026-08-08T13:03:00,Mobile App,The road near Miyapur has been damaged for 4 days. A hospital nearby may be affected.,Roads,Miyapur,17.499411,78.356812,GHMC Roads Department,4,9,7,9,8,70,High,New,CL-120,6,0.49,Concerned,37,Dispatch road inspection team,,No
GRV-1239,2026-08-10T04:12:00,Call Center,Transformer near Kukatpally appears overloaded and outages are frequent. A senior citizens may be affected.,Electricity,Kukatpally,17.483741,78.415186,Electricity Distribution Department,9,5,7,2,7,64,Medium,In Progress,CL-244,5,0.54,Negative,20,Initiate emergency restoration,,No
GRV-1240,2026-08-01T14:54:00,Call Center,There is a hazardous open section near a school.,Public Safety,Secunderabad,17.441124,78.499983,Public Safety Department,4,9,4,7,6,58,Medium,New,CL-280,4,0.69,Frustrated,3,Initiate immediate risk mitigation,,No
GRV-1241,2026-08-14T05:47:00,Web,Our street has repeated missed waste collection complaints. A hospital nearby may be affected.,Sanitation,Kukatpally,17.488394,78.413585,Sanitation Department,4,9,2,9,3,52,Medium,New,CL-224,5,0.71,Urgent,17,Dispatch sanitation crew,,No
GRV-1242,2026-08-11T01:08:00,Web,Residents on our street are facing repeated water outages. A child may be affected.,Water Supply,Gachibowli,17.441408,78.351783,Water Supply Department,8,6,6,9,4,68,Medium,In Progress,CL-111,3,0.75,Urgent,10,Inspect local pipeline/network,,No
GRV-1243,2026-08-07T02:19:00,Web,We are facing repeated power cuts in Secunderabad.,Electricity,Secunderabad,17.439435,78.497226,Electricity Distribution Department,8,7,4,6,8,67,Medium,In Progress,CL-135,5,0.63,Frustrated,13,Escalate outage to field engineer,,No
GRV-1244,2026-08-02T16:51:00,Call Center,The road near Madhapur has been damaged for 1 days. A school nearby may be affected.,Roads,Madhapur,17.445809,78.394557,GHMC Roads Department,6,7,2,7,8,58,Medium,In Progress,CL-340,6,0.51,Frustrated,30,Escalate to local engineering officer,,No
GRV-1245,2026-08-18T20:17:00,Mobile App,A damaged electric pole is creating a safety concern. A person with disability may be affected.,Electricity,Madhapur,17.446617,78.392595,Electricity Distribution Department,3,6,5,9,5,52,Medium,New,CL-121,4,0.7,Concerned,15,Initiate emergency restoration,,No
GRV-1246,2026-08-03T00:46:00,Walk-in,Garbage has not been collected in Dilsukhnagar for 2 days. A child may be affected.,Sanitation,Dilsukhnagar,17.366538,78.524062,Sanitation Department,7,3,4,9,2,52,Medium,New,CL-163,5,0.5,Concerned,12,Escalate to sanitation supervisor,,No
GRV-1247,2026-07-26T00:52:00,Walk-in,Waste is piling up near residential buildings in Kukatpally. A elderly resident may be affected.,Sanitation,Kukatpally,17.48707,78.413344,Sanitation Department,9,6,3,9,8,70,High,Resolved,CL-263,6,0.45,Urgent,36,Dispatch sanitation crew,8.3,No
GRV-1248,2026-07-28T01:12:00,Web,There is an open road crack/pothole near a school in Gachibowli. A hospital nearby may be affected.,Roads,Gachibowli,17.437988,78.348373,GHMC Roads Department,5,5,4,9,1,48,Low,Resolved,CL-113,5,0.49,Negative,35,Dispatch road inspection team,45.6,No
GRV-1249,2026-07-22T01:31:00,Web,A large pothole has formed near Madhapur and is dangerous for vehicles.,Roads,Madhapur,17.444778,78.392657,GHMC Roads Department,7,9,9,7,3,72,High,Escalated,CL-448,1,0.77,Concerned,17,Dispatch road inspection team,,No
GRV-1250,2026-08-14T11:28:00,Social Media,There is an open road crack/pothole near a school in Gachibowli.,Roads,Gachibowli,17.437593,78.347681,GHMC Roads Department,3,8,8,4,3,52,Medium,Assigned,CL-248,3,0.84,Concerned,47,Escalate to local engineering officer,,No
GRV-1251,2026-08-10T18:54:00,Social Media,Waste is piling up near residential buildings in Secunderabad. A residential community may be affected.,Sanitation,Secunderabad,17.442452,78.495819,Sanitation Department,9,5,7,5,1,60,Medium,Resolved,CL-368,0,0.75,Frustrated,35,Escalate to sanitation supervisor,14.1,No
GRV-1252,2026-07-23T22:06:00,Walk-in,The storm-water drain near Kondapur is overflowing. A child may be affected.,Drainage,Kondapur,17.462763,78.364907,Storm Water & Drainage Department,7,8,3,9,1,58,Medium,New,CL-137,0,0.45,Urgent,21,Inspect storm-water line,,No
GRV-1253,2026-07-30T17:35:00,Social Media,No water supply in our locality for 5 days.,Water Supply,HITEC City,17.441627,78.373525,Water Supply Department,4,8,9,8,2,61,Medium,Resolved,CL-129,0,0.78,Frustrated,19,Dispatch field inspection team,23.0,No
GRV-1254,2026-08-02T01:47:00,Walk-in,Garbage has not been collected in Banjara Hills for 5 days.,Sanitation,Banjara Hills,17.418663,78.432034,Sanitation Department,7,6,5,3,4,54,Medium,Resolved,CL-379,4,0.65,Urgent,18,Increase collection frequency,16.4,No
GRV-1255,2026-08-02T16:52:00,Walk-in,Water is entering homes due to drainage blockage.,Drainage,Mehdipatnam,17.398326,78.453409,Storm Water & Drainage Department,6,5,7,6,6,60,Medium,In Progress,CL-254,5,0.57,Concerned,16,Inspect storm-water line,,No
GRV-1256,2026-07-28T18:01:00,Mobile App,Garbage has not been collected in Kukatpally for 4 days.,Sanitation,Kukatpally,17.481654,78.413483,Sanitation Department,7,3,4,4,1,42,Low,Resolved,CL-346,1,0.88,Concerned,29,Increase collection frequency,23.2,No
GRV-1257,2026-08-04T22:11:00,Web,The road near Madhapur has been damaged for 5 days. A pregnant resident may be affected.,Roads,Madhapur,17.449062,78.389903,GHMC Roads Department,5,3,8,9,4,56,Medium,Resolved,CL-432,6,0.74,Negative,43,Escalate to local engineering officer,45.1,No
GRV-1258,2026-07-17T02:20:00,Mobile App,Water pipeline near Madhapur appears damaged and residents have no supply.,Water Supply,Madhapur,17.445526,78.392889,Water Supply Department,3,9,5,7,1,49,Low,In Progress,CL-378,4,0.38,Frustrated,23,Initiate emergency tanker support,,No
GRV-1259,2026-07-17T10:35:00,Mobile App,A damaged electric pole is creating a safety concern. A pregnant resident may be affected.,Electricity,Uppal,17.403096,78.560647,Electricity Distribution Department,6,4,4,9,6,56,Medium,Assigned,CL-311,5,0.61,Negative,14,Inspect transformer/feed line,,No
GRV-1260,2026-08-02T09:23:00,Web,We are facing repeated power cuts in Secunderabad. A person with disability may be affected.,Electricity,Secunderabad,17.442057,78.495654,Electricity Distribution Department,5,9,8,9,6,72,High,New,CL-367,3,0.41,Negative,13,Escalate outage to field engineer,,No
GRV-1261,2026-07-21T15:55:00,Call Center,Heavy rain has caused waterlogging in Mehdipatnam. A person with disability may be affected.,Drainage,Mehdipatnam,17.3958,78.446182,Storm Water & Drainage Department,5,4,3,9,2,46,Low,New,CL-228,4,0.48,Negative,15,Clear blocked drain,,No
GRV-1262,2026-08-06T19:02:00,Social Media,A damaged electric pole is leaning dangerously near homes. A local shops may be affected.,Public Safety,Charminar,17.35977,78.47442,Public Safety Department,7,8,4,7,1,57,Medium,New,CL-402,5,0.66,Frustrated,6,Dispatch safety inspection team,,No
GRV-1263,2026-07-19T13:57:00,Mobile App,No water supply in our locality for 6 days. A elderly resident may be affected.,Water Supply,Gachibowli,17.437691,78.352634,Water Supply Department,9,8,8,9,4,78,High,In Progress,CL-222,5,0.62,Frustrated,16,Dispatch field inspection team,,No
GRV-1264,2026-07-27T02:51:00,Web,Water pipeline near Kondapur appears damaged and residents have no supply.,Water Supply,Kondapur,17.465053,78.368293,Water Supply Department,3,5,7,4,5,46,Low,In Progress,CL-427,4,0.89,Urgent,7,Escalate to Zone Water Officer,,No
GRV-1265,2026-08-10T03:21:00,Mobile App,A large pothole has formed near Madhapur and is dangerous for vehicles.,Roads,Madhapur,17.448948,78.392972,GHMC Roads Department,7,8,5,5,4,60,Medium,In Progress,CL-151,2,0.58,Urgent,40,Barricade hazardous section,,No
GRV-1266,2026-07-28T22:56:00,Call Center,Repeated complaints about the damaged road have not been resolved.,Roads,Madhapur,17.445516,78.389003,GHMC Roads Department,5,3,3,3,6,40,Low,Resolved,CL-410,6,0.74,Urgent,38,Barricade hazardous section,18.7,No
GRV-1267,2026-08-10T03:30:00,Walk-in,Repeated complaints about the damaged road have not been resolved. A person with disability may be affected.,Roads,Kukatpally,17.484832,78.4109,GHMC Roads Department,8,3,7,9,2,60,Medium,In Progress,CL-135,6,0.42,Frustrated,57,Barricade hazardous section,,No
GRV-1268,2026-08-10T15:31:00,Walk-in,A broken road section is causing traffic problems near Kukatpally.,Roads,Kukatpally,17.484139,78.410135,GHMC Roads Department,4,8,5,8,4,56,Medium,Assigned,CL-263,3,0.45,Negative,56,Escalate to local engineering officer,,No
GRV-1269,2026-08-16T23:40:00,Call Center,A broken streetlight is creating a safety risk at night. A local shops may be affected.,Public Safety,Gachibowli,17.442289,78.347187,Public Safety Department,6,6,2,3,7,49,Low,New,CL-426,4,0.65,Negative,2,Escalate to local safety officer,,No
GRV-1270,2026-08-07T15:08:00,Walk-in,We are facing repeated power cuts in Kondapur. A residential community may be affected.,Electricity,Kondapur,17.462223,78.366401,Electricity Distribution Department,8,6,3,7,2,56,Medium,Assigned,CL-245,5,0.77,Urgent,14,Inspect transformer/feed line,,No
GRV-1271,2026-08-10T10:10:00,Mobile App,Power has been out in our area for 7 hours. A elderly resident may be affected.,Electricity,Gachibowli,17.443398,78.349424,Electricity Distribution Department,8,6,7,9,2,66,Medium,In Progress,CL-133,4,0.74,Frustrated,14,Inspect transformer/feed line,,No
GRV-1272,2026-07-15T11:39:00,Walk-in,There is an open road crack/pothole near a school in Miyapur. A school nearby may be affected.,Roads,Miyapur,17.497248,78.353046,GHMC Roads Department,8,9,9,4,3,70,High,Assigned,CL-418,1,0.84,Negative,60,Escalate to local engineering officer,,No
GRV-1273,2026-07-17T16:41:00,Social Media,There is an open road crack/pothole near a school in Miyapur. A elderly resident may be affected.,Roads,Miyapur,17.499604,78.355388,GHMC Roads Department,7,3,5,9,5,58,Medium,New,CL-370,1,0.38,Urgent,34,Dispatch road inspection team,,No
GRV-1274,2026-07-29T02:23:00,Call Center,Our apartment has not received drinking water for 2 days. A high-footfall public area may be affected.,Water Supply,Madhapur,17.448067,78.388476,Water Supply Department,8,8,4,5,6,64,Medium,Resolved,CL-216,2,0.4,Negative,18,Inspect local pipeline/network,21.0,No
GRV-1275,2026-07-26T09:33:00,Social Media,Waste is piling up near residential buildings in Secunderabad. A high-footfall public area may be affected.,Sanitation,Secunderabad,17.439871,78.500133,Sanitation Department,3,7,3,5,5,44,Low,Resolved,CL-153,2,0.68,Frustrated,48,Escalate to sanitation supervisor,26.8,No
GRV-1276,2026-07-30T06:35:00,Call Center,We are facing repeated power cuts in Madhapur. A elderly resident may be affected.,Electricity,Madhapur,17.446335,78.388043,Electricity Distribution Department,3,6,3,9,4,46,Low,New,CL-376,2,0.57,Frustrated,22,Escalate outage to field engineer,,No
GRV-1277,2026-08-13T00:30:00,Walk-in,Drain is blocked near Begumpet and water is accumulating.,Drainage,Begumpet,17.446436,78.467896,Storm Water & Drainage Department,5,6,2,8,3,48,Low,Resolved,CL-360,2,0.53,Urgent,21,Inspect storm-water line,21.0,No
GRV-1278,2026-07-27T07:53:00,Mobile App,Transformer near Secunderabad appears overloaded and outages are frequent. A senior citizens may be affected.,Electricity,Secunderabad,17.440468,78.497417,Electricity Distribution Department,8,5,2,3,6,52,Medium,Assigned,CL-336,1,0.39,Concerned,2,Dispatch line inspection team,,No
GRV-1279,2026-07-22T19:07:00,Social Media,Overflowing garbage bins are causing a hygiene issue. A hospital nearby may be affected.,Sanitation,Dilsukhnagar,17.364999,78.524561,Sanitation Department,6,4,7,9,8,66,Medium,Resolved,CL-313,2,0.47,Concerned,35,Increase collection frequency,41.3,No
GRV-1280,2026-07-31T20:45:00,Web,A broken road section is causing traffic problems near Madhapur.,Roads,Madhapur,17.449796,78.392254,GHMC Roads Department,4,9,3,8,3,52,Medium,In Progress,CL-162,3,0.74,Urgent,67,Dispatch road inspection team,,No
GRV-1281,2026-08-07T01:20:00,Mobile App,Overflowing garbage bins are causing a hygiene issue. A elderly resident may be affected.,Sanitation,Kukatpally,17.483089,78.409922,Sanitation Department,9,5,5,9,6,70,High,Escalated,CL-106,2,0.45,Urgent,40,Dispatch sanitation crew,,No
GRV-1282,2026-07-29T18:34:00,Web,A broken road section is causing traffic problems near Banjara Hills. A child may be affected.,Roads,Banjara Hills,17.412447,78.43113,GHMC Roads Department,8,9,6,9,4,74,High,New,CL-145,4,0.39,Urgent,40,Escalate to local engineering officer,,No
GRV-1283,2026-08-14T03:29:00,Walk-in,Transformer near Madhapur appears overloaded and outages are frequent. A school nearby may be affected.,Electricity,Madhapur,17.448064,78.39508,Electricity Distribution Department,4,8,3,8,8,58,Medium,In Progress,CL-381,6,0.4,Urgent,5,Inspect transformer/feed line,,No
GRV-1284,2026-08-04T00:54:00,Mobile App,The storm-water drain near Kukatpally is overflowing.,Drainage,Kukatpally,17.484964,78.413045,Storm Water & Drainage Department,5,6,9,2,2,51,Medium,Assigned,CL-347,3,0.41,Frustrated,11,Dispatch drainage crew,,No
GRV-1285,2026-07-18T03:21:00,Social Media,Uncollected waste is creating foul smell and health concerns. A residential community may be affected.,Sanitation,Secunderabad,17.442199,78.498656,Sanitation Department,7,6,5,6,4,58,Medium,Resolved,CL-311,3,0.88,Urgent,25,Increase collection frequency,23.0,No
GRV-1286,2026-07-18T07:38:00,Walk-in,A large pothole has formed near Secunderabad and is dangerous for vehicles. A senior citizens may be affected.,Roads,Secunderabad,17.438519,78.49946,GHMC Roads Department,6,5,3,8,8,58,Medium,Escalated,CL-409,3,0.52,Urgent,18,Dispatch road inspection team,,No
GRV-1287,2026-07-28T02:36:00,Call Center,Water pressure has been very low in Kondapur since 5 days.,Water Supply,Kondapur,17.465422,78.365362,Water Supply Department,6,7,6,5,8,64,Medium,Resolved,CL-434,2,0.46,Urgent,15,Initiate emergency tanker support,21.2,No
GRV-1288,2026-08-09T12:25:00,Walk-in,A large pothole has formed near Madhapur and is dangerous for vehicles.,Roads,Madhapur,17.448661,78.3928,GHMC Roads Department,9,5,3,8,5,62,Medium,Assigned,CL-297,5,0.48,Negative,52,Escalate to local engineering officer,,No
GRV-1289,2026-07-21T11:46:00,Web,There is an open road crack/pothole near a school in Miyapur. A child may be affected.,Roads,Miyapur,17.493998,78.359448,GHMC Roads Department,9,8,4,9,3,69,Medium,In Progress,CL-234,0,0.39,Negative,68,Escalate to local engineering officer,,No
GRV-1290,2026-07-15T15:36:00,Social Media,There is a hazardous open section near a school. A residential community may be affected.,Public Safety,Charminar,17.362211,78.470968,Public Safety Department,7,9,9,5,6,74,High,Resolved,CL-305,4,0.45,Urgent,9,Dispatch safety inspection team,4.7,No
GRV-1291,2026-07-19T02:15:00,Web,Drain is blocked near Mehdipatnam and water is accumulating. A child may be affected.,Drainage,Mehdipatnam,17.397673,78.450314,Storm Water & Drainage Department,8,7,6,9,8,76,High,In Progress,CL-371,4,0.63,Negative,21,Inspect storm-water line,,No
GRV-1292,2026-08-13T23:59:00,Walk-in,Blocked drainage is creating a severe sanitation problem. A residential community may be affected.,Drainage,Madhapur,17.448925,78.392083,Storm Water & Drainage Department,6,7,7,5,6,62,Medium,Escalated,CL-215,0,0.51,Concerned,15,Inspect storm-water line,,No
GRV-1293,2026-07-26T07:00:00,Mobile App,A broken streetlight is creating a safety risk at night. A child may be affected.,Public Safety,Charminar,17.362873,78.473658,Public Safety Department,3,9,6,9,5,60,Medium,In Progress,CL-389,2,0.68,Urgent,3,Escalate to local safety officer,,No
GRV-1294,2026-08-17T04:24:00,Mobile App,Uncollected waste is creating foul smell and health concerns.,Sanitation,Dilsukhnagar,17.369422,78.527435,Sanitation Department,5,3,4,6,3,42,Low,Escalated,CL-242,3,0.76,Frustrated,27,Dispatch sanitation crew,,No
GRV-1295,2026-08-06T23:55:00,Walk-in,There is a hazardous open section near a school. A hospital nearby may be affected.,Public Safety,Gachibowli,17.441528,78.352594,Public Safety Department,5,6,5,9,7,61,Medium,New,CL-314,1,0.61,Frustrated,8,Dispatch safety inspection team,,No
GRV-1296,2026-08-01T00:29:00,Social Media,Residents on our street are facing repeated water outages.,Water Supply,Kukatpally,17.483599,78.415322,Water Supply Department,9,5,7,4,5,64,Medium,Escalated,CL-249,4,0.49,Negative,13,Escalate to Zone Water Officer,,No
GRV-1297,2026-07-26T01:12:00,Social Media,Garbage has not been collected in Secunderabad for 6 days. A elderly resident may be affected.,Sanitation,Secunderabad,17.441153,78.500984,Sanitation Department,3,7,3,9,8,54,Medium,New,CL-102,2,0.47,Concerned,14,Dispatch sanitation crew,,No
GRV-1298,2026-07-18T13:40:00,Call Center,There is a hazardous open section near a school.,Public Safety,Madhapur,17.446359,78.393746,Public Safety Department,8,7,4,2,3,54,Medium,Resolved,CL-431,5,0.51,Concerned,9,Inspect hazardous location,5.2,No
GRV-1299,2026-08-11T20:31:00,Social Media,Our apartment has not received drinking water for 3 days.,Water Supply,Gachibowli,17.441247,78.352201,Water Supply Department,5,4,9,2,8,56,Medium,New,CL-255,1,0.68,Urgent,9,Inspect local pipeline/network,,No
GRV-1300,2026-07-29T09:57:00,Walk-in,Water pipeline near Madhapur appears damaged and residents have no supply. A elderly resident may be affected.,Water Supply,Madhapur,17.448125,78.390731,Water Supply Department,6,4,2,9,1,45,Low,In Progress,CL-440,5,0.49,Frustrated,18,Dispatch field inspection team,,No
GRV-1301,2026-07-29T20:05:00,Social Media,Drain is blocked near Kondapur and water is accumulating. A senior citizens may be affected.,Drainage,Kondapur,17.457815,78.363773,Storm Water & Drainage Department,5,5,6,5,1,46,Low,Resolved,CL-101,6,0.55,Negative,20,Clear blocked drain,10.1,No
GRV-1302,2026-08-09T15:15:00,Call Center,Our street has repeated missed waste collection complaints. A elderly resident may be affected.,Sanitation,Dilsukhnagar,17.368797,78.52842,Sanitation Department,8,6,5,9,3,64,Medium,Assigned,CL-364,5,0.45,Negative,43,Escalate to sanitation supervisor,,No
GRV-1303,2026-08-15T17:09:00,Social Media,No water supply in our locality for 1 days. A hospital nearby may be affected.,Water Supply,Madhapur,17.444666,78.39311,Water Supply Department,4,9,9,9,3,66,Medium,Escalated,CL-435,0,0.85,Urgent,21,Escalate to Zone Water Officer,,No
GRV-1304,2026-08-10T14:14:00,Walk-in,Water pipeline near Kondapur appears damaged and residents have no supply. A high-footfall public area may be affected.,Water Supply,Kondapur,17.460094,78.368507,Water Supply Department,9,7,3,8,2,62,Medium,Resolved,CL-388,6,0.62,Negative,8,Escalate to Zone Water Officer,6.3,No
GRV-1305,2026-07-25T17:59:00,Social Media,Overflowing garbage bins are causing a hygiene issue. A elderly resident may be affected.,Sanitation,Jubilee Hills,17.431609,78.404362,Sanitation Department,5,4,8,9,3,57,Medium,New,CL-361,3,0.65,Concerned,14,Escalate to sanitation supervisor,,No
GRV-1306,2026-08-06T15:28:00,Web,Residents on our street are facing repeated water outages.,Water Supply,Madhapur,17.44907,78.393238,Water Supply Department,6,8,9,7,3,67,Medium,New,CL-101,2,0.43,Urgent,19,Dispatch field inspection team,,No
GRV-1307,2026-08-12T11:13:00,Mobile App,Residents are reporting a recurring public safety concern. A person with disability may be affected.,Public Safety,Gachibowli,17.441582,78.352649,Public Safety Department,3,7,3,9,6,52,Medium,New,CL-145,5,0.6,Urgent,6,Initiate immediate risk mitigation,,No
GRV-1308,2026-07-17T13:59:00,Social Media,Power has been out in our area for 3 hours.,Electricity,Madhapur,17.445229,78.394661,Electricity Distribution Department,5,4,8,4,6,54,Medium,New,CL-324,5,0.37,Frustrated,19,Initiate emergency restoration,,No
GRV-1309,2026-07-23T20:24:00,Walk-in,The storm-water drain near Begumpet is overflowing. A person with disability may be affected.,Drainage,Begumpet,17.44046,78.471023,Storm Water & Drainage Department,3,5,5,9,2,46,Low,New,CL-213,6,0.75,Urgent,13,Escalate flooding risk to engineering team,,No
GRV-1310,2026-08-04T04:29:00,Call Center,The road near Gachibowli has been damaged for 2 days.,Roads,Gachibowli,17.440929,78.351216,GHMC Roads Department,5,4,7,3,1,43,Low,New,CL-426,0,0.5,Negative,38,Barricade hazardous section,,No
GRV-1311,2026-08-15T17:55:00,Social Media,Water is entering homes due to drainage blockage. A residential community may be affected.,Drainage,Begumpet,17.44687,78.47091,Storm Water & Drainage Department,4,7,9,8,8,68,Medium,New,CL-256,3,0.36,Concerned,13,Dispatch drainage crew,,No
GRV-1312,2026-07-15T20:44:00,Web,Power has been out in our area for 18 hours. A residential community may be affected.,Electricity,Gachibowli,17.436227,78.350252,Electricity Distribution Department,6,6,3,5,8,56,Medium,Resolved,CL-365,6,0.39,Urgent,15,Inspect transformer/feed line,4.7,No
GRV-1313,2026-07-31T18:57:00,Call Center,An unsafe public area near Secunderabad has recurring incidents.,Public Safety,Secunderabad,17.441484,78.4992,Public Safety Department,6,4,7,7,8,62,Medium,In Progress,CL-392,0,0.81,Negative,7,Escalate to local safety officer,,No
GRV-1314,2026-07-30T22:23:00,Mobile App,Residents are reporting a recurring public safety concern.,Public Safety,Madhapur,17.445407,78.390179,Public Safety Department,8,5,2,2,7,52,Medium,In Progress,CL-343,0,0.6,Concerned,4,Dispatch safety inspection team,,No
GRV-1315,2026-08-05T01:32:00,Social Media,A damaged electric pole is leaning dangerously near homes. A school nearby may be affected.,Public Safety,Secunderabad,17.443096,78.497916,Public Safety Department,5,7,8,4,1,52,Medium,Resolved,CL-411,3,0.55,Negative,10,Inspect hazardous location,8.1,No
GRV-1316,2026-07-21T15:31:00,Walk-in,A broken streetlight is creating a safety risk at night. A elderly resident may be affected.,Public Safety,Kukatpally,17.488657,78.414131,Public Safety Department,4,5,3,9,2,44,Low,Resolved,CL-275,5,0.5,Urgent,4,Escalate to local safety officer,4.1,No
GRV-1317,2026-08-11T21:50:00,Social Media,Transformer near Kondapur appears overloaded and outages are frequent. A child may be affected.,Electricity,Kondapur,17.461062,78.363133,Electricity Distribution Department,3,9,5,9,6,60,Medium,In Progress,CL-335,5,0.66,Frustrated,12,Inspect transformer/feed line,,No
GRV-1318,2026-08-10T17:59:00,Mobile App,Overflowing garbage bins are causing a hygiene issue.,Sanitation,Jubilee Hills,17.435315,78.408643,Sanitation Department,9,9,2,3,6,62,Medium,Escalated,CL-449,1,0.6,Concerned,22,Increase collection frequency,,No
GRV-1319,2026-07-21T15:23:00,Call Center,Repeated complaints about the damaged road have not been resolved. A child may be affected.,Roads,Miyapur,17.493872,78.353199,GHMC Roads Department,5,5,4,9,4,52,Medium,In Progress,CL-115,2,0.71,Negative,40,Escalate to local engineering officer,,No
GRV-1320,2026-08-03T04:21:00,Mobile App,Repeated complaints about the damaged road have not been resolved.,Roads,Gachibowli,17.441524,78.345835,GHMC Roads Department,5,8,6,5,5,58,Medium,New,CL-210,5,0.78,Urgent,56,Dispatch road inspection team,,No
GRV-1321,2026-08-07T07:54:00,Social Media,Power has been out in our area for 13 hours. A school nearby may be affected.,Electricity,Uppal,17.400155,78.560724,Electricity Distribution Department,7,8,5,6,4,62,Medium,Escalated,CL-449,0,0.46,Concerned,16,Dispatch line inspection team,,No
GRV-1322,2026-08-08T06:05:00,Walk-in,A damaged electric pole is leaning dangerously near homes. A hospital nearby may be affected.,Public Safety,Gachibowli,17.438409,78.351345,Public Safety Department,3,5,7,9,6,56,Medium,Escalated,CL-306,6,0.88,Concerned,5,Initiate immediate risk mitigation,,No
GRV-1323,2026-08-11T14:58:00,Social Media,An unsafe public area near Secunderabad has recurring incidents. A person with disability may be affected.,Public Safety,Secunderabad,17.441942,78.495395,Public Safety Department,6,9,7,9,2,66,Medium,Assigned,CL-381,3,0.4,Frustrated,6,Escalate to local safety officer,,No
GRV-1324,2026-08-11T15:53:00,Call Center,Power interruption has affected homes and local shops. A school nearby may be affected.,Electricity,Kondapur,17.460837,78.364635,Electricity Distribution Department,7,8,9,3,1,61,Medium,In Progress,CL-428,2,0.43,Negative,22,Inspect transformer/feed line,,No
GRV-1325,2026-07-20T10:23:00,Call Center,Residents on our street are facing repeated water outages.,Water Supply,Madhapur,17.445603,78.387968,Water Supply Department,7,6,8,8,5,68,Medium,Escalated,CL-136,6,0.88,Frustrated,22,Inspect local pipeline/network,,No
GRV-1326,2026-07-18T14:32:00,Mobile App,Power has been out in our area for 7 hours. A pregnant resident may be affected.,Electricity,Kukatpally,17.48525,78.41678,Electricity Distribution Department,6,8,7,9,1,63,Medium,Resolved,CL-118,5,0.51,Concerned,8,Escalate outage to field engineer,3.8,No
GRV-1327,2026-07-19T16:13:00,Social Media,Waste is piling up near residential buildings in Dilsukhnagar. A elderly resident may be affected.,Sanitation,Dilsukhnagar,17.369707,78.527351,Sanitation Department,7,5,7,9,8,70,High,In Progress,CL-403,1,0.53,Frustrated,21,Dispatch sanitation crew,,No
GRV-1328,2026-07-16T13:47:00,Mobile App,Power has been out in our area for 6 hours. A residential community may be affected.,Electricity,Secunderabad,17.438359,78.495979,Electricity Distribution Department,5,8,7,3,8,62,Medium,New,CL-236,2,0.44,Concerned,5,Dispatch line inspection team,,No
GRV-1329,2026-07-17T04:04:00,Web,A damaged electric pole is creating a safety concern.,Electricity,Kukatpally,17.488261,78.411443,Electricity Distribution Department,3,4,3,2,1,28,Low,Escalated,CL-400,2,0.41,Frustrated,11,Inspect transformer/feed line,,No
GRV-1330,2026-07-19T13:52:00,Call Center,The road near Secunderabad has been damaged for 1 days.,Roads,Secunderabad,17.437274,78.500332,GHMC Roads Department,5,7,7,4,3,54,Medium,Resolved,CL-446,0,0.62,Urgent,49,Dispatch road inspection team,39.8,No
GRV-1331,2026-07-25T01:26:00,Mobile App,A damaged electric pole is leaning dangerously near homes.,Public Safety,Madhapur,17.448267,78.39039,Public Safety Department,4,6,3,3,6,44,Low,Resolved,CL-333,4,0.58,Frustrated,3,Inspect hazardous location,2.8,No
GRV-1332,2026-08-02T14:12:00,Mobile App,Blocked drainage is creating a severe sanitation problem. A child may be affected.,Drainage,Dilsukhnagar,17.364902,78.526093,Storm Water & Drainage Department,5,6,6,9,8,64,Medium,Resolved,CL-294,2,0.65,Urgent,8,Dispatch drainage crew,10.0,No
GRV-1333,2026-07-23T21:38:00,Walk-in,A damaged electric pole is creating a safety concern. A hospital nearby may be affected.,Electricity,Secunderabad,17.438128,78.500008,Electricity Distribution Department,7,3,4,9,2,52,Medium,New,CL-385,2,0.88,Concerned,14,Escalate outage to field engineer,,No
GRV-1334,2026-08-11T03:08:00,Web,There is a hazardous open section near a school. A local shops may be affected.,Public Safety,Secunderabad,17.439885,78.494514,Public Safety Department,4,9,9,2,2,54,Medium,New,CL-146,1,0.61,Concerned,2,Escalate to local safety officer,,No
GRV-1335,2026-08-05T06:32:00,Social Media,Power interruption has affected homes and local shops.,Electricity,Uppal,17.397141,78.562912,Electricity Distribution Department,9,3,9,8,8,75,High,In Progress,CL-338,3,0.51,Urgent,10,Initiate emergency restoration,,No
GRV-1336,2026-08-14T20:24:00,Social Media,Water pipeline near Gachibowli appears damaged and residents have no supply. A residential community may be affected.,Water Supply,Gachibowli,17.440678,78.348707,Water Supply Department,3,4,6,7,3,44,Low,Resolved,CL-341,2,0.58,Frustrated,21,Escalate to Zone Water Officer,18.8,No
GRV-1337,2026-07-17T06:08:00,Call Center,Water is entering homes due to drainage blockage.,Drainage,Madhapur,17.447345,78.390925,Storm Water & Drainage Department,7,8,7,8,5,70,High,Assigned,CL-206,4,0.38,Concerned,17,Inspect storm-water line,,No
GRV-1338,2026-07-16T04:34:00,Social Media,We are facing repeated power cuts in Kondapur. A person with disability may be affected.,Electricity,Kondapur,17.461618,78.364069,Electricity Distribution Department,5,7,3,9,2,52,Medium,New,CL-308,1,0.41,Concerned,12,Dispatch line inspection team,,No
GRV-1339,2026-08-18T22:48:00,Walk-in,Residents are reporting a recurring public safety concern. A hospital nearby may be affected.,Public Safety,Secunderabad,17.437514,78.499384,Public Safety Department,7,3,9,9,2,62,Medium,Assigned,CL-293,4,0.53,Urgent,12,Dispatch safety inspection team,,No
GRV-1340,2026-07-18T04:36:00,Web,The storm-water drain near Kondapur is overflowing.,Drainage,Kondapur,17.462712,78.363115,Storm Water & Drainage Department,6,9,5,6,2,58,Medium,In Progress,CL-137,2,0.67,Negative,22,Inspect storm-water line,,No
GRV-1341,2026-08-12T12:52:00,Social Media,A damaged electric pole is creating a safety concern. A person with disability may be affected.,Electricity,Kukatpally,17.487722,78.417055,Electricity Distribution Department,7,6,4,9,1,56,Medium,Assigned,CL-407,1,0.66,Urgent,16,Dispatch line inspection team,,No
GRV-1342,2026-07-18T01:40:00,Call Center,Heavy rain has caused waterlogging in Kondapur. A child may be affected.,Drainage,Kondapur,17.462995,78.362589,Storm Water & Drainage Department,8,9,6,9,7,78,High,Resolved,CL-241,6,0.52,Frustrated,12,Clear blocked drain,6.3,No
GRV-1343,2026-07-16T13:16:00,Web,Our apartment has not received drinking water for 1 days. A residential community may be affected.,Water Supply,Kondapur,17.46521,78.364587,Water Supply Department,7,6,8,7,1,61,Medium,Escalated,CL-125,1,0.44,Urgent,14,Dispatch field inspection team,,No
GRV-1344,2026-08-05T16:59:00,Social Media,No water supply in our locality for 5 days.,Water Supply,Madhapur,17.446314,78.394577,Water Supply Department,6,5,3,5,3,46,Low,In Progress,CL-443,5,0.41,Urgent,9,Escalate to Zone Water Officer,,No
GRV-1345,2026-08-09T11:03:00,Call Center,Heavy rain has caused waterlogging in Madhapur.,Drainage,Madhapur,17.448666,78.391299,Storm Water & Drainage Department,4,4,3,3,4,36,Low,In Progress,CL-228,2,0.59,Concerned,21,Clear blocked drain,,No
GRV-1346,2026-08-11T14:44:00,Walk-in,Overflowing garbage bins are causing a hygiene issue. A elderly resident may be affected.,Sanitation,Jubilee Hills,17.431708,78.410378,Sanitation Department,7,3,2,9,4,50,Medium,Resolved,CL-260,2,0.65,Concerned,35,Escalate to sanitation supervisor,36.6,No
GRV-1347,2026-08-17T14:31:00,Walk-in,Overflowing garbage bins are causing a hygiene issue. A person with disability may be affected.,Sanitation,Madhapur,17.451314,78.394062,Sanitation Department,4,6,7,9,7,62,Medium,Escalated,CL-285,0,0.5,Negative,42,Increase collection frequency,,No
GRV-1348,2026-08-11T05:28:00,Call Center,There is a hazardous open section near a school. A high-footfall public area may be affected.,Public Safety,Gachibowli,17.43861,78.345558,Public Safety Department,9,7,7,5,1,64,Medium,New,CL-360,1,0.7,Negative,12,Escalate to local safety officer,,No
GRV-1349,2026-07-18T22:26:00,Social Media,A broken road section is causing traffic problems near Banjara Hills. A residential community may be affected.,Roads,Banjara Hills,17.413396,78.438285,GHMC Roads Department,9,8,4,4,3,62,Medium,New,CL-441,1,0.78,Concerned,35,Barricade hazardous section,,No
GRV-1350,2026-08-08T12:07:00,Walk-in,No water supply in our locality for 3 days. A hospital nearby may be affected.,Water Supply,Gachibowli,17.442718,78.348853,Water Supply Department,6,7,6,9,3,62,Medium,Escalated,CL-435,1,0.87,Negative,6,Escalate to Zone Water Officer,,No
GRV-1351,2026-08-15T08:43:00,Web,A damaged electric pole is leaning dangerously near homes.,Public Safety,Banjara Hills,17.413922,78.432794,Public Safety Department,6,4,8,8,4,60,Medium,Assigned,CL-237,2,0.89,Urgent,5,Initiate immediate risk mitigation,,No
GRV-1352,2026-08-09T19:16:00,Call Center,There is an open road crack/pothole near a school in Madhapur. A child may be affected.,Roads,Madhapur,17.451749,78.391267,GHMC Roads Department,5,8,8,9,4,66,Medium,New,CL-159,5,0.73,Frustrated,16,Schedule pothole repair,,No
GRV-1353,2026-08-05T08:59:00,Walk-in,Water is entering homes due to drainage blockage.,Drainage,Dilsukhnagar,17.365934,78.521635,Storm Water & Drainage Department,5,6,7,3,1,47,Low,Resolved,CL-335,4,0.49,Urgent,16,Dispatch drainage crew,4.9,No
GRV-1354,2026-08-15T18:31:00,Walk-in,There is an open road crack/pothole near a school in Gachibowli. A pregnant resident may be affected.,Roads,Gachibowli,17.436526,78.346089,GHMC Roads Department,5,7,6,9,6,64,Medium,Resolved,CL-362,2,0.83,Frustrated,60,Barricade hazardous section,50.9,No
GRV-1355,2026-08-15T01:55:00,Call Center,There is an open road crack/pothole near a school in Kukatpally. A residential community may be affected.,Roads,Kukatpally,17.482345,78.411146,GHMC Roads Department,6,3,9,4,8,60,Medium,New,CL-161,6,0.62,Frustrated,21,Schedule pothole repair,,No
GRV-1356,2026-07-27T11:43:00,Web,Water is entering homes due to drainage blockage.,Drainage,Dilsukhnagar,17.371496,78.52193,Storm Water & Drainage Department,4,6,3,3,8,46,Low,Assigned,CL-443,0,0.83,Negative,9,Dispatch drainage crew,,No
GRV-1357,2026-08-11T19:18:00,Walk-in,Power interruption has affected homes and local shops.,Electricity,Kukatpally,17.48164,78.411841,Electricity Distribution Department,5,3,9,4,3,50,Medium,Resolved,CL-354,6,0.82,Urgent,12,Inspect transformer/feed line,13.9,No
GRV-1358,2026-08-15T17:51:00,Call Center,We are facing repeated power cuts in Gachibowli. A hospital nearby may be affected.,Electricity,Gachibowli,17.440201,78.348817,Electricity Distribution Department,6,5,4,9,2,52,Medium,Resolved,CL-224,3,0.62,Concerned,11,Initiate emergency restoration,10.8,No
GRV-1359,2026-07-24T21:41:00,Social Media,Transformer near Kondapur appears overloaded and outages are frequent. A high-footfall public area may be affected.,Electricity,Kondapur,17.458172,78.364446,Electricity Distribution Department,6,8,8,2,1,54,Medium,Escalated,CL-334,5,0.88,Concerned,23,Dispatch line inspection team,,No
GRV-1360,2026-08-02T11:26:00,Call Center,We are facing repeated power cuts in Kondapur. A local shops may be affected.,Electricity,Kondapur,17.460344,78.365385,Electricity Distribution Department,5,7,2,6,2,45,Low,In Progress,CL-408,4,0.63,Negative,5,Dispatch line inspection team,,No
GRV-1361,2026-08-10T22:51:00,Mobile App,Water pipeline near Manikonda appears damaged and residents have no supply. A elderly resident may be affected.,Water Supply,Manikonda,17.402689,78.373626,Water Supply Department,6,8,6,9,6,68,Medium,Assigned,CL-407,3,0.76,Frustrated,14,Inspect local pipeline/network,,No
GRV-1362,2026-08-10T00:46:00,Call Center,A broken streetlight is creating a safety risk at night. A hospital nearby may be affected.,Public Safety,Madhapur,17.449825,78.395205,Public Safety Department,3,4,9,9,8,60,Medium,Assigned,CL-357,5,0.82,Frustrated,9,Initiate immediate risk mitigation,,No
GRV-1363,2026-08-12T01:15:00,Call Center,Waste is piling up near residential buildings in Banjara Hills. A child may be affected.,Sanitation,Banjara Hills,17.417758,78.431885,Sanitation Department,3,8,5,9,1,50,Medium,Resolved,CL-222,1,0.61,Urgent,39,Escalate to sanitation supervisor,50.5,No
GRV-1364,2026-07-19T17:40:00,Social Media,Water pipeline near Madhapur appears damaged and residents have no supply. A residential community may be affected.,Water Supply,Madhapur,17.452292,78.387796,Water Supply Department,9,6,5,3,5,61,Medium,Resolved,CL-352,0,0.38,Frustrated,19,Initiate emergency tanker support,24.5,No
GRV-1365,2026-08-05T10:39:00,Mobile App,Power interruption has affected homes and local shops. A elderly resident may be affected.,Electricity,Uppal,17.399304,78.558338,Electricity Distribution Department,7,5,3,9,5,58,Medium,Assigned,CL-205,0,0.83,Frustrated,22,Escalate outage to field engineer,,No
GRV-1366,2026-08-13T01:41:00,Mobile App,Power interruption has affected homes and local shops.,Electricity,Madhapur,17.44656,78.393494,Electricity Distribution Department,8,8,9,3,5,70,High,Resolved,CL-359,6,0.87,Frustrated,13,Initiate emergency restoration,16.0,No
GRV-1367,2026-07-30T13:43:00,Web,A large pothole has formed near Miyapur and is dangerous for vehicles.,Roads,Miyapur,17.499355,78.355702,GHMC Roads Department,6,5,5,3,1,44,Low,New,CL-328,2,0.54,Negative,22,Dispatch road inspection team,,No
GRV-1368,2026-08-13T18:55:00,Web,Blocked drainage is creating a severe sanitation problem. A pregnant resident may be affected.,Drainage,Kondapur,17.464913,78.364203,Storm Water & Drainage Department,5,9,7,9,1,62,Medium,In Progress,CL-116,6,0.83,Concerned,22,Escalate flooding risk to engineering team,,No
GRV-1369,2026-08-03T04:48:00,Call Center,Residents on our street are facing repeated water outages. A elderly resident may be affected.,Water Supply,Madhapur,17.446977,78.388602,Water Supply Department,8,3,5,9,6,62,Medium,In Progress,CL-239,5,0.74,Urgent,22,Escalate to Zone Water Officer,,No
GRV-1370,2026-07-25T19:09:00,Walk-in,Transformer near Secunderabad appears overloaded and outages are frequent. A pregnant resident may be affected.,Electricity,Secunderabad,17.439207,78.497574,Electricity Distribution Department,4,3,6,9,6,52,Medium,Assigned,CL-101,5,0.54,Frustrated,18,Initiate emergency restoration,,No
GRV-1371,2026-07-22T08:27:00,Mobile App,Heavy rain has caused waterlogging in Dilsukhnagar.,Drainage,Dilsukhnagar,17.37202,78.521162,Storm Water & Drainage Department,8,9,3,2,6,60,Medium,Assigned,CL-147,6,0.57,Concerned,7,Inspect storm-water line,,No
GRV-1372,2026-08-10T23:50:00,Walk-in,Transformer near Secunderabad appears overloaded and outages are frequent. A elderly resident may be affected.,Electricity,Secunderabad,17.442103,78.501348,Electricity Distribution Department,5,7,4,9,7,61,Medium,Escalated,CL-427,4,0.7,Frustrated,21,Dispatch line inspection team,,No
GRV-1373,2026-07-16T07:01:00,Call Center,Residents on our street are facing repeated water outages.,Water Supply,Kukatpally,17.486712,78.417696,Water Supply Department,5,4,3,6,5,46,Low,In Progress,CL-143,1,0.76,Concerned,23,Dispatch field inspection team,,No
GRV-1374,2026-08-03T16:21:00,Social Media,A damaged electric pole is leaning dangerously near homes. A child may be affected.,Public Safety,Madhapur,17.451056,78.389371,Public Safety Department,9,8,3,9,8,74,High,Resolved,CL-428,0,0.66,Concerned,5,Inspect hazardous location,7.4,No
GRV-1375,2026-08-02T11:53:00,Mobile App,Uncollected waste is creating foul smell and health concerns.,Sanitation,Dilsukhnagar,17.36861,78.524269,Sanitation Department,3,5,5,8,6,50,Medium,New,CL-118,5,0.4,Frustrated,38,Inspect waste accumulation point,,No
GRV-1376,2026-08-05T21:08:00,Social Media,There is a hazardous open section near a school.,Public Safety,Charminar,17.364506,78.471644,Public Safety Department,7,6,8,5,8,68,Medium,Escalated,CL-152,1,0.79,Frustrated,9,Escalate to local safety officer,,No
GRV-1377,2026-07-17T01:33:00,Call Center,Power interruption has affected homes and local shops. A hospital nearby may be affected.,Electricity,Secunderabad,17.438252,78.494524,Electricity Distribution Department,3,7,8,9,2,56,Medium,New,CL-295,2,0.55,Negative,6,Inspect transformer/feed line,,No
GRV-1378,2026-07-17T05:26:00,Call Center,A broken road section is causing traffic problems near Banjara Hills. A person with disability may be affected.,Roads,Banjara Hills,17.417851,78.434502,GHMC Roads Department,9,8,9,9,1,76,High,In Progress,CL-430,0,0.65,Negative,42,Barricade hazardous section,,No
GRV-1379,2026-07-29T19:34:00,Web,There is an open road crack/pothole near a school in Banjara Hills. A child may be affected.,Roads,Banjara Hills,17.418528,78.436358,GHMC Roads Department,8,5,3,9,7,64,Medium,Resolved,CL-365,3,0.48,Frustrated,14,Schedule pothole repair,18.9,No
GRV-1380,2026-07-20T11:42:00,Mobile App,Heavy rain has caused waterlogging in Dilsukhnagar.,Drainage,Dilsukhnagar,17.366762,78.526345,Storm Water & Drainage Department,7,7,2,6,4,54,Medium,New,CL-116,0,0.62,Frustrated,23,Escalate flooding risk to engineering team,,No
GRV-1381,2026-07-31T15:16:00,Mobile App,Water pipeline near Kukatpally appears damaged and residents have no supply.,Water Supply,Kukatpally,17.483183,78.411261,Water Supply Department,3,5,8,3,7,50,Medium,New,CL-142,2,0.81,Negative,8,Dispatch field inspection team,,No
GRV-1382,2026-07-21T09:26:00,Web,A large pothole has formed near Madhapur and is dangerous for vehicles. A high-footfall public area may be affected.,Roads,Madhapur,17.444715,78.389417,GHMC Roads Department,5,4,2,7,1,39,Low,Assigned,CL-411,2,0.56,Concerned,69,Barricade hazardous section,,No
GRV-1383,2026-07-25T07:58:00,Web,Transformer near Uppal appears overloaded and outages are frequent. A elderly resident may be affected.,Electricity,Uppal,17.398971,78.561238,Electricity Distribution Department,6,7,8,9,2,64,Medium,Assigned,CL-372,5,0.37,Frustrated,2,Inspect transformer/feed line,,No
GRV-1384,2026-08-03T14:02:00,Mobile App,Uncollected waste is creating foul smell and health concerns. A person with disability may be affected.,Sanitation,Secunderabad,17.435904,78.501768,Sanitation Department,4,5,4,9,4,50,Medium,Resolved,CL-367,4,0.87,Frustrated,12,Escalate to sanitation supervisor,17.4,No
GRV-1385,2026-08-14T03:07:00,Walk-in,Overflowing garbage bins are causing a hygiene issue.,Sanitation,Secunderabad,17.437587,78.498339,Sanitation Department,4,7,6,2,3,46,Low,Escalated,CL-424,3,0.51,Negative,20,Inspect waste accumulation point,,No
GRV-1386,2026-07-21T00:41:00,Web,A damaged electric pole is leaning dangerously near homes. A person with disability may be affected.,Public Safety,Gachibowli,17.441482,78.348205,Public Safety Department,5,5,5,9,8,60,Medium,In Progress,CL-134,5,0.36,Concerned,2,Initiate immediate risk mitigation,,No
GRV-1387,2026-08-09T23:22:00,Web,Power interruption has affected homes and local shops. A elderly resident may be affected.,Electricity,Uppal,17.397998,78.559764,Electricity Distribution Department,9,9,9,9,2,80,High,New,CL-378,3,0.87,Concerned,14,Inspect transformer/feed line,,No
GRV-1388,2026-07-30T19:02:00,Mobile App,Transformer near Gachibowli appears overloaded and outages are frequent.,Electricity,Gachibowli,17.436157,78.352774,Electricity Distribution Department,8,5,5,2,5,54,Medium,In Progress,CL-355,3,0.48,Urgent,10,Initiate emergency restoration,,No
GRV-1389,2026-07-26T09:59:00,Mobile App,Residents on our street are facing repeated water outages. A person with disability may be affected.,Water Supply,HITEC City,17.446281,78.373385,Water Supply Department,8,7,4,9,2,62,Medium,Resolved,CL-270,1,0.75,Urgent,24,Inspect local pipeline/network,32.0,No
GRV-1390,2026-08-16T17:02:00,Walk-in,A broken streetlight is creating a safety risk at night.,Public Safety,Charminar,17.36013,78.473835,Public Safety Department,5,6,8,4,2,52,Medium,New,CL-336,4,0.62,Frustrated,5,Inspect hazardous location,,No
GRV-1391,2026-07-16T12:30:00,Call Center,Water pipeline near Kukatpally appears damaged and residents have no supply.,Water Supply,Kukatpally,17.482877,78.413589,Water Supply Department,4,4,4,4,5,42,Low,Resolved,CL-285,0,0.69,Negative,19,Inspect local pipeline/network,17.7,No
GRV-1392,2026-08-13T22:04:00,Call Center,No water supply in our locality for 1 days.,Water Supply,HITEC City,17.444386,78.376655,Water Supply Department,7,3,3,2,1,38,Low,New,CL-214,6,0.52,Frustrated,10,Dispatch field inspection team,,No
GRV-1393,2026-08-02T14:56:00,Web,There is a hazardous open section near a school. A elderly resident may be affected.,Public Safety,Madhapur,17.447933,78.390126,Public Safety Department,9,6,5,9,1,64,Medium,In Progress,CL-440,6,0.56,Frustrated,11,Escalate to local safety officer,,No
GRV-1394,2026-08-10T19:28:00,Mobile App,Residents on our street are facing repeated water outages.,Water Supply,Madhapur,17.446793,78.390987,Water Supply Department,4,7,4,7,5,52,Medium,New,CL-215,5,0.58,Concerned,11,Inspect local pipeline/network,,No
GRV-1395,2026-08-08T04:54:00,Mobile App,Overflowing garbage bins are causing a hygiene issue. A high-footfall public area may be affected.,Sanitation,Secunderabad,17.441024,78.49591,Sanitation Department,5,5,2,6,3,42,Low,Assigned,CL-119,6,0.48,Negative,15,Dispatch sanitation crew,,No
GRV-1396,2026-08-03T17:56:00,Mobile App,Uncollected waste is creating foul smell and health concerns.,Sanitation,Jubilee Hills,17.434146,78.406832,Sanitation Department,9,7,7,6,5,72,High,In Progress,CL-363,0,0.53,Frustrated,14,Increase collection frequency,,No
GRV-1397,2026-07-20T05:09:00,Call Center,The road near Gachibowli has been damaged for 7 days. A hospital nearby may be affected.,Roads,Gachibowli,17.436451,78.345137,GHMC Roads Department,9,3,7,9,1,62,Medium,Assigned,CL-433,4,0.54,Negative,30,Barricade hazardous section,,No
GRV-1398,2026-08-13T05:08:00,Mobile App,Overflowing garbage bins are causing a hygiene issue.,Sanitation,Jubilee Hills,17.431041,78.405021,Sanitation Department,4,4,5,2,3,38,Low,Escalated,CL-286,0,0.84,Concerned,36,Inspect waste accumulation point,,No
GRV-1399,2026-08-09T21:27:00,Social Media,A broken streetlight is creating a safety risk at night. A child may be affected.,Public Safety,Banjara Hills,17.416299,78.437535,Public Safety Department,4,9,5,9,4,60,Medium,New,CL-156,2,0.72,Frustrated,12,Inspect hazardous location,,No
GRV-1400,2026-07-18T02:10:00,Social Media,The road near Madhapur has been damaged for 1 days.,Roads,Madhapur,17.447294,78.391651,GHMC Roads Department,7,6,5,7,2,56,Medium,Assigned,CL-392,4,0.78,Frustrated,44,Barricade hazardous section,,No
GRV-1401,2026-08-01T05:13:00,Call Center,Our street has repeated missed waste collection complaints. A residential community may be affected.,Sanitation,Dilsukhnagar,17.366836,78.521378,Sanitation Department,7,6,2,3,4,48,Low,Assigned,CL-240,1,0.59,Urgent,31,Dispatch sanitation crew,,No
GRV-1402,2026-07-28T20:17:00,Web,Our street has repeated missed waste collection complaints. A local shops may be affected.,Sanitation,Kukatpally,17.483773,78.410459,Sanitation Department,5,6,9,5,7,63,Medium,New,CL-267,3,0.55,Frustrated,36,Dispatch sanitation crew,,No
GRV-1403,2026-08-17T02:43:00,Social Media,Overflowing garbage bins are causing a hygiene issue. A elderly resident may be affected.,Sanitation,Jubilee Hills,17.435899,78.403168,Sanitation Department,4,5,5,9,6,54,Medium,New,CL-235,6,0.51,Concerned,29,Inspect waste accumulation point,,No
GRV-1404,2026-08-09T09:50:00,Web,Our street has repeated missed waste collection complaints.,Sanitation,Madhapur,17.446805,78.389003,Sanitation Department,9,4,8,3,4,62,Medium,Resolved,CL-402,4,0.61,Urgent,47,Escalate to sanitation supervisor,51.5,No
GRV-1405,2026-07-30T11:21:00,Social Media,A broken road section is causing traffic problems near Gachibowli. A child may be affected.,Roads,Gachibowli,17.438497,78.349596,GHMC Roads Department,9,4,6,9,1,62,Medium,Assigned,CL-303,6,0.79,Frustrated,26,Dispatch road inspection team,,No
GRV-1406,2026-08-03T14:40:00,Social Media,There is an open road crack/pothole near a school in Miyapur. A person with disability may be affected.,Roads,Miyapur,17.494321,78.359612,GHMC Roads Department,6,3,8,9,4,60,Medium,Assigned,CL-143,4,0.41,Frustrated,69,Escalate to local engineering officer,,No
GRV-1407,2026-07-22T15:20:00,Social Media,Our apartment has not received drinking water for 1 days. A person with disability may be affected.,Water Supply,Kondapur,17.460847,78.366645,Water Supply Department,5,8,3,9,8,62,Medium,Assigned,CL-233,0,0.55,Negative,19,Initiate emergency tanker support,,No
GRV-1408,2026-08-03T08:04:00,Call Center,There is an open road crack/pothole near a school in Miyapur. A child may be affected.,Roads,Miyapur,17.500182,78.360034,GHMC Roads Department,7,5,5,9,8,66,Medium,Assigned,CL-334,1,0.46,Concerned,64,Escalate to local engineering officer,,No
GRV-1409,2026-08-15T14:27:00,Social Media,Transformer near Uppal appears overloaded and outages are frequent.,Electricity,Uppal,17.397764,78.562389,Electricity Distribution Department,6,5,6,5,3,52,Medium,Assigned,CL-378,4,0.48,Frustrated,16,Dispatch line inspection team,,No
GRV-1410,2026-08-05T20:49:00,Mobile App,A large pothole has formed near Miyapur and is dangerous for vehicles.,Roads,Miyapur,17.496949,78.356697,GHMC Roads Department,8,4,9,5,2,60,Medium,Assigned,CL-264,0,0.39,Concerned,61,Dispatch road inspection team,,No
GRV-1411,2026-08-04T03:31:00,Walk-in,There is a hazardous open section near a school.,Public Safety,Kukatpally,17.482022,78.416363,Public Safety Department,6,3,2,4,2,37,Low,New,CL-262,5,0.53,Urgent,9,Escalate to local safety officer,,No
GRV-1412,2026-07-22T22:13:00,Walk-in,A large pothole has formed near Kukatpally and is dangerous for vehicles. A local shops may be affected.,Roads,Kukatpally,17.486474,78.416492,GHMC Roads Department,6,4,3,7,1,44,Low,New,CL-255,2,0.43,Concerned,57,Dispatch road inspection team,,No
GRV-1413,2026-07-19T05:01:00,Mobile App,Power interruption has affected homes and local shops. A elderly resident may be affected.,Electricity,Kukatpally,17.48634,78.410305,Electricity Distribution Department,9,6,5,9,4,68,Medium,New,CL-140,1,0.84,Concerned,15,Dispatch line inspection team,,No
GRV-1414,2026-07-25T05:13:00,Walk-in,Residents are reporting a recurring public safety concern. A child may be affected.,Public Safety,Banjara Hills,17.416832,78.430796,Public Safety Department,5,5,5,9,4,54,Medium,Assigned,CL-122,0,0.86,Frustrated,3,Escalate to local safety officer,,No
GRV-1415,2026-08-14T17:34:00,Call Center,Power interruption has affected homes and local shops. A hospital nearby may be affected.,Electricity,Madhapur,17.452151,78.393071,Electricity Distribution Department,3,4,8,9,5,54,Medium,New,CL-353,0,0.88,Frustrated,20,Inspect transformer/feed line,,No
GRV-1416,2026-08-16T17:57:00,Mobile App,Garbage has not been collected in Jubilee Hills for 7 days. A school nearby may be affected.,Sanitation,Jubilee Hills,17.433558,78.403579,Sanitation Department,7,7,9,5,4,66,Medium,Assigned,CL-393,4,0.48,Negative,19,Inspect waste accumulation point,,No
GRV-1417,2026-08-17T21:48:00,Call Center,We are facing repeated power cuts in Kondapur.,Electricity,Kondapur,17.463504,78.362532,Electricity Distribution Department,4,8,9,7,6,66,Medium,In Progress,CL-365,5,0.5,Urgent,3,Escalate outage to field engineer,,No
GRV-1418,2026-07-15T14:04:00,Mobile App,Waste is piling up near residential buildings in Jubilee Hills.,Sanitation,Jubilee Hills,17.436106,78.404104,Sanitation Department,8,8,5,6,7,70,High,New,CL-127,5,0.45,Concerned,43,Increase collection frequency,,No
GRV-1419,2026-07-25T22:19:00,Call Center,Drain is blocked near Begumpet and water is accumulating. A residential community may be affected.,Drainage,Begumpet,17.446199,78.467449,Storm Water & Drainage Department,6,5,4,7,4,52,Medium,In Progress,CL-251,4,0.58,Urgent,15,Inspect storm-water line,,No
GRV-1420,2026-07-18T21:48:00,Mobile App,A damaged electric pole is creating a safety concern. A residential community may be affected.,Electricity,Secunderabad,17.437958,78.498009,Electricity Distribution Department,8,6,4,8,8,68,Medium,In Progress,CL-122,3,0.76,Negative,11,Initiate emergency restoration,,No
GRV-1421,2026-08-01T04:47:00,Web,Waste is piling up near residential buildings in Kukatpally.,Sanitation,Kukatpally,17.48417,78.410111,Sanitation Department,4,4,5,2,1,34,Low,Assigned,CL-350,3,0.62,Concerned,35,Dispatch sanitation crew,,No
GRV-1422,2026-07-31T18:59:00,Web,Transformer near Uppal appears overloaded and outages are frequent.,Electricity,Uppal,17.404372,78.559691,Electricity Distribution Department,9,8,7,6,8,78,High,Escalated,CL-121,5,0.73,Concerned,15,Dispatch line inspection team,,No
GRV-1423,2026-08-14T16:58:00,Web,An unsafe public area near Kukatpally has recurring incidents. A person with disability may be affected.,Public Safety,Kukatpally,17.485048,78.411311,Public Safety Department,7,7,4,9,1,58,Medium,Assigned,CL-430,5,0.77,Negative,8,Initiate immediate risk mitigation,,No
GRV-1424,2026-08-17T11:51:00,Walk-in,Repeated complaints about the damaged road have not been resolved.,Roads,Gachibowli,17.441692,78.344951,GHMC Roads Department,8,6,6,7,7,69,Medium,Resolved,CL-133,4,0.41,Negative,34,Barricade hazardous section,15.2,No
GRV-1425,2026-07-21T01:12:00,Social Media,Power interruption has affected homes and local shops. A hospital nearby may be affected.,Electricity,Gachibowli,17.442615,78.346385,Electricity Distribution Department,5,8,8,9,3,65,Medium,New,CL-315,5,0.55,Urgent,17,Dispatch line inspection team,,No
GRV-1426,2026-07-18T01:21:00,Web,There is a hazardous open section near a school.,Public Safety,Banjara Hills,17.411676,78.432829,Public Safety Department,7,3,4,2,5,46,Low,In Progress,CL-372,2,0.55,Negative,2,Dispatch safety inspection team,,No
GRV-1427,2026-07-31T03:43:00,Walk-in,Residents are reporting a recurring public safety concern.,Public Safety,Charminar,17.360627,78.471158,Public Safety Department,6,7,6,5,8,64,Medium,Resolved,CL-370,2,0.68,Concerned,7,Inspect hazardous location,8.9,No
GRV-1428,2026-08-12T10:55:00,Call Center,Waste is piling up near residential buildings in Banjara Hills. A elderly resident may be affected.,Sanitation,Banjara Hills,17.411733,78.433582,Sanitation Department,3,9,6,9,4,58,Medium,In Progress,CL-200,5,0.59,Concerned,42,Dispatch sanitation crew,,No
GRV-1429,2026-08-10T05:12:00,Social Media,There is a hazardous open section near a school.,Public Safety,Gachibowli,17.436354,78.348883,Public Safety Department,9,3,7,5,8,66,Medium,Resolved,CL-383,2,0.75,Negative,4,Dispatch safety inspection team,5.5,No
GRV-1430,2026-07-16T13:10:00,Call Center,Garbage has not been collected in Dilsukhnagar for 2 days. A residential community may be affected.,Sanitation,Dilsukhnagar,17.370127,78.528312,Sanitation Department,7,4,5,3,3,48,Low,Resolved,CL-160,5,0.41,Negative,32,Dispatch sanitation crew,37.3,No
GRV-1431,2026-08-15T17:46:00,Walk-in,An unsafe public area near Banjara Hills has recurring incidents.,Public Safety,Banjara Hills,17.418068,78.432488,Public Safety Department,9,7,3,7,6,66,Medium,Escalated,CL-447,5,0.84,Frustrated,8,Dispatch safety inspection team,,No
GRV-1432,2026-07-28T14:03:00,Call Center,Uncollected waste is creating foul smell and health concerns.,Sanitation,Banjara Hills,17.41777,78.43708,Sanitation Department,8,3,7,3,6,58,Medium,New,CL-308,0,0.66,Frustrated,46,Increase collection frequency,,No
GRV-1433,2026-07-21T14:38:00,Web,Drain is blocked near Dilsukhnagar and water is accumulating. A local shops may be affected.,Drainage,Dilsukhnagar,17.369591,78.523171,Storm Water & Drainage Department,6,5,4,8,5,56,Medium,New,CL-405,3,0.62,Urgent,15,Dispatch drainage crew,,No
GRV-1434,2026-07-24T22:44:00,Walk-in,Our street has repeated missed waste collection complaints. A pregnant resident may be affected.,Sanitation,Dilsukhnagar,17.367193,78.52722,Sanitation Department,6,3,7,9,3,56,Medium,Resolved,CL-386,6,0.81,Urgent,15,Increase collection frequency,17.9,No
GRV-1435,2026-08-14T05:54:00,Social Media,Water pipeline near Kukatpally appears damaged and residents have no supply.,Water Supply,Kukatpally,17.487827,78.410233,Water Supply Department,9,6,8,2,5,66,Medium,Assigned,CL-151,1,0.73,Concerned,23,Inspect local pipeline/network,,No
GRV-1436,2026-08-08T21:06:00,Mobile App,A damaged electric pole is creating a safety concern.,Electricity,Kukatpally,17.488308,78.410568,Electricity Distribution Department,5,4,5,3,4,44,Low,Resolved,CL-309,6,0.55,Negative,23,Initiate emergency restoration,29.9,No
GRV-1437,2026-07-28T05:44:00,Web,Repeated complaints about the damaged road have not been resolved. A residential community may be affected.,Roads,Kukatpally,17.487122,78.416719,GHMC Roads Department,4,8,8,3,1,50,Medium,Resolved,CL-377,3,0.48,Negative,50,Escalate to local engineering officer,49.7,No
GRV-1438,2026-07-19T08:50:00,Walk-in,Garbage has not been collected in Dilsukhnagar for 3 days. A child may be affected.,Sanitation,Dilsukhnagar,17.367187,78.521702,Sanitation Department,3,6,5,9,1,46,Low,Assigned,CL-379,5,0.5,Frustrated,23,Inspect waste accumulation point,,No
GRV-1439,2026-07-23T01:55:00,Web,Water pipeline near Manikonda appears damaged and residents have no supply. A senior citizens may be affected.,Water Supply,Manikonda,17.401313,78.377601,Water Supply Department,7,9,9,2,2,63,Medium,New,CL-280,0,0.87,Urgent,11,Escalate to Zone Water Officer,,No
GRV-1440,2026-07-15T08:15:00,Call Center,No water supply in our locality for 7 days.,Water Supply,Kukatpally,17.486173,78.413359,Water Supply Department,7,5,7,6,3,58,Medium,New,CL-431,5,0.88,Frustrated,15,Initiate emergency tanker support,,No
GRV-1441,2026-07-24T12:08:00,Mobile App,An unsafe public area near Gachibowli has recurring incidents.,Public Safety,Gachibowli,17.441933,78.348276,Public Safety Department,8,9,2,3,1,52,Medium,In Progress,CL-271,6,0.43,Urgent,11,Inspect hazardous location,,No
GRV-1442,2026-08-11T08:44:00,Social Media,Garbage has not been collected in Kukatpally for 4 days.,Sanitation,Kukatpally,17.48574,78.413157,Sanitation Department,8,6,4,6,4,59,Medium,Escalated,CL-365,2,0.69,Negative,24,Increase collection frequency,,No
GRV-1443,2026-07-29T13:49:00,Web,Garbage has not been collected in Kukatpally for 1 days. A pregnant resident may be affected.,Sanitation,Kukatpally,17.481684,78.417636,Sanitation Department,7,3,8,9,2,60,Medium,New,CL-270,2,0.7,Concerned,29,Increase collection frequency,,No
GRV-1444,2026-07-19T13:57:00,Mobile App,Transformer near Gachibowli appears overloaded and outages are frequent. A senior citizens may be affected.,Electricity,Gachibowli,17.438861,78.35083,Electricity Distribution Department,9,6,3,6,6,63,Medium,New,CL-299,4,0.65,Concerned,3,Initiate emergency restoration,,No
GRV-1445,2026-07-31T03:45:00,Mobile App,Power interruption has affected homes and local shops.,Electricity,Uppal,17.400512,78.559632,Electricity Distribution Department,8,4,4,5,5,55,Medium,Escalated,CL-317,5,0.85,Negative,9,Initiate emergency restoration,,No
GRV-1446,2026-08-15T11:15:00,Call Center,Heavy rain has caused waterlogging in Kukatpally. A school nearby may be affected.,Drainage,Kukatpally,17.485333,78.413743,Storm Water & Drainage Department,9,3,6,5,6,62,Medium,New,CL-136,0,0.69,Negative,8,Dispatch drainage crew,,No
GRV-1447,2026-07-15T15:45:00,Social Media,Power interruption has affected homes and local shops.,Electricity,Kukatpally,17.486373,78.410139,Electricity Distribution Department,8,7,3,5,1,53,Medium,Escalated,CL-262,5,0.84,Urgent,15,Initiate emergency restoration,,No
GRV-1448,2026-07-29T18:58:00,Web,A broken road section is causing traffic problems near Secunderabad.,Roads,Secunderabad,17.438221,78.498165,GHMC Roads Department,7,5,2,5,8,54,Medium,New,CL-396,0,0.44,Frustrated,55,Schedule pothole repair,,No
GRV-1449,2026-07-28T01:22:00,Walk-in,Repeated complaints about the damaged road have not been resolved.,Roads,Kukatpally,17.483736,78.410611,GHMC Roads Department,3,6,9,2,6,51,Medium,New,CL-247,2,0.68,Negative,18,Escalate to local engineering officer,,No
GRV-1450,2026-07-30T21:27:00,Walk-in,There is an open road crack/pothole near a school in Kukatpally. A elderly resident may be affected.,Roads,Kukatpally,17.48615,78.413315,GHMC Roads Department,9,8,6,9,4,74,High,New,CL-227,2,0.56,Frustrated,69,Barricade hazardous section,,No
GRV-1451,2026-07-22T04:42:00,Walk-in,Waste is piling up near residential buildings in Dilsukhnagar. A child may be affected.,Sanitation,Dilsukhnagar,17.368713,78.524665,Sanitation Department,5,3,4,9,7,53,Medium,Resolved,CL-230,0,0.75,Frustrated,24,Increase collection frequency,34.6,No
GRV-1452,2026-08-17T01:43:00,Social Media,Waste is piling up near residential buildings in Kukatpally. A child may be affected.,Sanitation,Kukatpally,17.486799,78.413275,Sanitation Department,3,9,2,9,3,49,Low,New,CL-309,0,0.54,Urgent,27,Inspect waste accumulation point,,No
GRV-1453,2026-07-25T21:42:00,Web,Waste is piling up near residential buildings in Kukatpally.,Sanitation,Kukatpally,17.486509,78.413819,Sanitation Department,8,7,4,3,5,58,Medium,New,CL-407,5,0.82,Negative,39,Increase collection frequency,,No
GRV-1454,2026-07-17T12:24:00,Mobile App,The road near Banjara Hills has been damaged for 2 days. A hospital nearby may be affected.,Roads,Banjara Hills,17.413374,78.434109,GHMC Roads Department,5,4,4,9,7,55,Medium,In Progress,CL-450,0,0.68,Negative,38,Dispatch road inspection team,,No
GRV-1455,2026-07-17T01:00:00,Walk-in,The storm-water drain near Mehdipatnam is overflowing. A hospital nearby may be affected.,Drainage,Mehdipatnam,17.394441,78.450852,Storm Water & Drainage Department,5,8,8,9,4,66,Medium,Escalated,CL-273,1,0.83,Concerned,7,Escalate flooding risk to engineering team,,No
GRV-1456,2026-08-16T00:49:00,Call Center,A broken road section is causing traffic problems near Madhapur. A child may be affected.,Roads,Madhapur,17.44598,78.390572,GHMC Roads Department,8,3,4,9,6,60,Medium,In Progress,CL-366,2,0.75,Concerned,49,Dispatch road inspection team,,No
GRV-1457,2026-07-17T04:08:00,Social Media,The road near Secunderabad has been damaged for 1 days.,Roads,Secunderabad,17.443701,78.501459,GHMC Roads Department,3,3,7,4,8,47,Low,Assigned,CL-428,1,0.64,Urgent,24,Escalate to local engineering officer,,No
GRV-1458,2026-07-27T16:02:00,Walk-in,There is a hazardous open section near a school. A hospital nearby may be affected.,Public Safety,Kukatpally,17.48486,78.41406,Public Safety Department,7,9,2,9,3,61,Medium,New,CL-248,1,0.73,Concerned,11,Dispatch safety inspection team,,No
GRV-1459,2026-08-06T05:29:00,Mobile App,There is an open road crack/pothole near a school in Gachibowli. A high-footfall public area may be affected.,Roads,Gachibowli,17.438471,78.347048,GHMC Roads Department,4,4,2,3,4,34,Low,Escalated,CL-277,6,0.82,Negative,44,Dispatch road inspection team,,No
GRV-1460,2026-07-24T07:34:00,Call Center,A broken road section is causing traffic problems near Miyapur. A elderly resident may be affected.,Roads,Miyapur,17.495496,78.360571,GHMC Roads Department,4,5,4,9,5,51,Medium,New,CL-354,1,0.7,Negative,19,Schedule pothole repair,,No
GRV-1461,2026-07-22T20:16:00,Social Media,A damaged electric pole is leaning dangerously near homes.,Public Safety,Banjara Hills,17.412452,78.436666,Public Safety Department,8,9,2,8,6,67,Medium,In Progress,CL-399,2,0.74,Urgent,2,Initiate immediate risk mitigation,,No
GRV-1462,2026-07-31T01:09:00,Mobile App,An unsafe public area near Gachibowli has recurring incidents. A school nearby may be affected.,Public Safety,Gachibowli,17.442625,78.346309,Public Safety Department,4,7,8,3,8,58,Medium,New,CL-127,3,0.74,Urgent,9,Initiate immediate risk mitigation,,No
GRV-1463,2026-08-11T20:25:00,Web,An unsafe public area near Banjara Hills has recurring incidents.,Public Safety,Banjara Hills,17.416426,78.433723,Public Safety Department,9,6,5,2,3,56,Medium,Escalated,CL-137,3,0.58,Negative,3,Dispatch safety inspection team,,No
GRV-1464,2026-07-29T18:54:00,Walk-in,No water supply in our locality for 2 days. A pregnant resident may be affected.,Water Supply,Madhapur,17.450824,78.389959,Water Supply Department,8,7,2,9,1,57,Medium,New,CL-344,6,0.64,Negative,8,Initiate emergency tanker support,,No
GRV-1465,2026-08-02T01:09:00,Call Center,Repeated complaints about the damaged road have not been resolved. A child may be affected.,Roads,Miyapur,17.498143,78.354807,GHMC Roads Department,9,3,3,9,5,60,Medium,Resolved,CL-237,6,0.63,Negative,12,Escalate to local engineering officer,2.4,No
GRV-1466,2026-07-17T04:38:00,Mobile App,A broken streetlight is creating a safety risk at night. A person with disability may be affected.,Public Safety,Kukatpally,17.486335,78.411002,Public Safety Department,5,5,3,9,6,54,Medium,New,CL-353,0,0.54,Negative,4,Inspect hazardous location,,No
GRV-1467,2026-07-28T23:09:00,Walk-in,Blocked drainage is creating a severe sanitation problem.,Drainage,Kukatpally,17.487417,78.410705,Storm Water & Drainage Department,5,9,3,8,1,52,Medium,Assigned,CL-449,1,0.77,Urgent,18,Escalate flooding risk to engineering team,,No
GRV-1468,2026-08-10T00:50:00,Mobile App,An unsafe public area near Gachibowli has recurring incidents. A child may be affected.,Public Safety,Gachibowli,17.439165,78.349295,Public Safety Department,6,5,7,9,8,68,Medium,Assigned,CL-367,3,0.61,Frustrated,12,Initiate immediate risk mitigation,,No
GRV-1469,2026-07-16T01:23:00,Web,Water is entering homes due to drainage blockage.,Drainage,Begumpet,17.439777,78.466395,Storm Water & Drainage Department,7,7,5,7,2,58,Medium,In Progress,CL-130,1,0.55,Urgent,23,Clear blocked drain,,No
GRV-1470,2026-08-14T00:27:00,Social Media,Waste is piling up near residential buildings in Kukatpally. A person with disability may be affected.,Sanitation,Kukatpally,17.48149,78.416499,Sanitation Department,4,3,4,9,2,42,Low,New,CL-119,0,0.55,Urgent,35,Increase collection frequency,,No
GRV-1471,2026-08-16T06:33:00,Web,Water pressure has been very low in Kondapur since 2 days. A elderly resident may be affected.,Water Supply,Kondapur,17.459794,78.361947,Water Supply Department,7,9,8,9,3,73,High,In Progress,CL-313,1,0.6,Urgent,15,Dispatch field inspection team,,No
GRV-1472,2026-07-26T22:05:00,Mobile App,Blocked drainage is creating a severe sanitation problem.,Drainage,Kondapur,17.460703,78.361148,Storm Water & Drainage Department,8,6,6,6,5,64,Medium,Assigned,CL-390,1,0.58,Urgent,22,Escalate flooding risk to engineering team,,No
GRV-1473,2026-07-26T20:06:00,Call Center,There is an open road crack/pothole near a school in Secunderabad. A school nearby may be affected.,Roads,Secunderabad,17.436124,78.496558,GHMC Roads Department,8,6,8,3,1,58,Medium,New,CL-416,1,0.7,Concerned,18,Dispatch road inspection team,,No
GRV-1474,2026-08-04T23:02:00,Call Center,Water pressure has been very low in Kondapur since 7 days. A local shops may be affected.,Water Supply,Kondapur,17.463513,78.36837,Water Supply Department,8,3,5,4,2,49,Low,Assigned,CL-202,6,0.65,Negative,7,Escalate to Zone Water Officer,,No
GRV-1475,2026-08-04T16:37:00,Walk-in,Overflowing garbage bins are causing a hygiene issue. A hospital nearby may be affected.,Sanitation,Kukatpally,17.48153,78.414808,Sanitation Department,8,7,3,9,3,62,Medium,Assigned,CL-146,3,0.67,Negative,14,Increase collection frequency,,No
GRV-1476,2026-08-02T17:02:00,Mobile App,Repeated complaints about the damaged road have not been resolved. A local shops may be affected.,Roads,Secunderabad,17.443876,78.499155,GHMC Roads Department,8,7,7,5,3,64,Medium,Escalated,CL-261,4,0.51,Concerned,69,Barricade hazardous section,,No
GRV-1477,2026-07-22T05:04:00,Mobile App,Heavy rain has caused waterlogging in Dilsukhnagar.,Drainage,Dilsukhnagar,17.370485,78.524386,Storm Water & Drainage Department,5,7,3,5,2,46,Low,In Progress,CL-218,2,0.52,Frustrated,14,Escalate flooding risk to engineering team,,No
GRV-1478,2026-08-10T23:20:00,Call Center,Garbage has not been collected in Kukatpally for 1 days. A hospital nearby may be affected.,Sanitation,Kukatpally,17.487919,78.41773,Sanitation Department,5,6,8,9,3,61,Medium,New,CL-315,6,0.55,Frustrated,35,Dispatch sanitation crew,,No
GRV-1479,2026-07-18T10:14:00,Social Media,Water is entering homes due to drainage blockage. A elderly resident may be affected.,Drainage,Dilsukhnagar,17.372001,78.524419,Storm Water & Drainage Department,9,3,6,9,7,69,Medium,Resolved,CL-319,6,0.66,Urgent,18,Dispatch drainage crew,18.7,No
GRV-1480,2026-07-20T05:17:00,Walk-in,The road near Secunderabad has been damaged for 4 days. A hospital nearby may be affected.,Roads,Secunderabad,17.437064,78.496008,GHMC Roads Department,3,5,7,9,8,58,Medium,New,CL-114,3,0.73,Urgent,41,Dispatch road inspection team,,No
GRV-1481,2026-07-22T20:05:00,Walk-in,Blocked drainage is creating a severe sanitation problem.,Drainage,Mehdipatnam,17.39917,78.450198,Storm Water & Drainage Department,4,3,5,8,1,42,Low,New,CL-276,5,0.5,Frustrated,10,Inspect storm-water line,,No
GRV-1482,2026-07-30T11:58:00,Social Media,A broken road section is causing traffic problems near Kukatpally. A child may be affected.,Roads,Kukatpally,17.482488,78.415582,GHMC Roads Department,5,6,9,9,8,70,High,In Progress,CL-343,3,0.87,Urgent,56,Barricade hazardous section,,No
GRV-1483,2026-08-03T13:53:00,Web,Our street has repeated missed waste collection complaints.,Sanitation,Dilsukhnagar,17.365092,78.526666,Sanitation Department,6,9,7,2,7,64,Medium,In Progress,CL-348,0,0.63,Concerned,20,Increase collection frequency,,No
GRV-1484,2026-08-05T18:52:00,Walk-in,We are facing repeated power cuts in Kukatpally. A school nearby may be affected.,Electricity,Kukatpally,17.484183,78.412618,Electricity Distribution Department,4,8,2,4,6,47,Low,Escalated,CL-316,2,0.51,Negative,5,Initiate emergency restoration,,No
GRV-1485,2026-08-13T17:43:00,Web,Blocked drainage is creating a severe sanitation problem. A hospital nearby may be affected.,Drainage,Kukatpally,17.488863,78.416248,Storm Water & Drainage Department,7,7,4,9,7,67,Medium,In Progress,CL-440,5,0.5,Frustrated,19,Dispatch drainage crew,,No
GRV-1486,2026-08-02T06:13:00,Walk-in,No water supply in our locality for 5 days. A residential community may be affected.,Water Supply,Manikonda,17.408604,78.375805,Water Supply Department,9,7,3,7,8,70,High,Resolved,CL-103,6,0.71,Negative,13,Initiate emergency tanker support,11.7,No
GRV-1487,2026-07-16T17:00:00,Social Media,We are facing repeated power cuts in Kukatpally. A residential community may be affected.,Electricity,Kukatpally,17.48746,78.4146,Electricity Distribution Department,5,8,6,4,7,60,Medium,New,CL-409,3,0.35,Urgent,2,Escalate outage to field engineer,,No
GRV-1488,2026-08-15T09:11:00,Mobile App,The road near Banjara Hills has been damaged for 2 days. A high-footfall public area may be affected.,Roads,Banjara Hills,17.415634,78.435752,GHMC Roads Department,6,9,2,8,7,62,Medium,Resolved,CL-225,3,0.86,Urgent,37,Escalate to local engineering officer,29.7,No
GRV-1489,2026-08-16T00:46:00,Mobile App,A broken streetlight is creating a safety risk at night. A elderly resident may be affected.,Public Safety,Gachibowli,17.44132,78.346674,Public Safety Department,6,3,4,9,1,47,Low,Resolved,CL-247,0,0.66,Negative,4,Escalate to local safety officer,4.5,No
GRV-1490,2026-07-20T13:06:00,Web,Drain is blocked near Kondapur and water is accumulating. A pregnant resident may be affected.,Drainage,Kondapur,17.461454,78.363591,Storm Water & Drainage Department,4,8,2,9,2,48,Low,Assigned,CL-223,4,0.6,Negative,10,Clear blocked drain,,No
GRV-1491,2026-08-03T13:51:00,Mobile App,A damaged electric pole is creating a safety concern. A elderly resident may be affected.,Electricity,Gachibowli,17.441377,78.34995,Electricity Distribution Department,8,3,5,9,7,64,Medium,New,CL-163,5,0.83,Frustrated,7,Dispatch line inspection team,,No
GRV-1492,2026-07-21T20:13:00,Call Center,Water pressure has been very low in HITEC City since 4 days. A local shops may be affected.,Water Supply,HITEC City,17.440609,78.373868,Water Supply Department,5,3,5,6,1,42,Low,New,CL-145,6,0.63,Negative,17,Escalate to Zone Water Officer,,No
GRV-1493,2026-07-23T13:16:00,Call Center,Overflowing garbage bins are causing a hygiene issue.,Sanitation,Madhapur,17.451995,78.388323,Sanitation Department,8,5,9,7,8,74,High,New,CL-383,3,0.63,Frustrated,23,Inspect waste accumulation point,,No
GRV-1494,2026-07-30T09:23:00,Mobile App,There is an open road crack/pothole near a school in Miyapur. A high-footfall public area may be affected.,Roads,Miyapur,17.500016,78.360665,GHMC Roads Department,5,9,7,6,2,59,Medium,In Progress,CL-163,4,0.58,Frustrated,69,Schedule pothole repair,,No
GRV-1495,2026-07-24T12:42:00,Web,The storm-water drain near Mehdipatnam is overflowing. A hospital nearby may be affected.,Drainage,Mehdipatnam,17.394749,78.446087,Storm Water & Drainage Department,3,4,7,9,7,55,Medium,Assigned,CL-231,0,0.54,Urgent,17,Inspect storm-water line,,No
GRV-1496,2026-08-12T23:04:00,Call Center,There is an open road crack/pothole near a school in Gachibowli. A pregnant resident may be affected.,Roads,Gachibowli,17.437685,78.345297,GHMC Roads Department,4,7,5,9,2,52,Medium,Resolved,CL-281,6,0.74,Concerned,48,Escalate to local engineering officer,31.5,No
GRV-1497,2026-08-08T21:00:00,Web,Power has been out in our area for 5 hours. A residential community may be affected.,Electricity,Gachibowli,17.443267,78.352244,Electricity Distribution Department,7,5,8,3,1,53,Medium,Assigned,CL-303,6,0.36,Concerned,16,Dispatch line inspection team,,No
GRV-1498,2026-08-17T09:20:00,Walk-in,Garbage has not been collected in Dilsukhnagar for 1 days.,Sanitation,Dilsukhnagar,17.368747,78.525829,Sanitation Department,6,8,6,4,6,61,Medium,In Progress,CL-378,4,0.57,Concerned,43,Dispatch sanitation crew,,No
GRV-1499,2026-08-15T05:57:00,Web,Garbage has not been collected in Secunderabad for 1 days.,Sanitation,Secunderabad,17.437978,78.50058,Sanitation Department,4,3,7,8,7,54,Medium,Resolved,CL-114,1,0.44,Urgent,35,Dispatch sanitation crew,29.1,No
GRV-1500,2026-07-21T15:48:00,Web,Residents on our street are facing repeated water outages.,Water Supply,HITEC City,17.443674,78.375124,Water Supply Department,6,5,4,3,8,52,Medium,Resolved,CL-314,6,0.42,Negative,24,Initiate emergency tanker support,34.8,No
GRV-1501,2026-07-24T02:44:00,Web,An unsafe public area near Secunderabad has recurring incidents. A elderly resident may be affected.,Public Safety,Secunderabad,17.441264,78.498045,Public Safety Department,9,5,3,9,6,66,Medium,New,CL-254,5,0.71,Urgent,3,Initiate immediate risk mitigation,,No
GRV-1502,2026-08-05T20:06:00,Walk-in,Repeated complaints about the damaged road have not been resolved.,Roads,Gachibowli,17.443043,78.349008,GHMC Roads Department,7,9,7,8,5,72,High,New,CL-298,6,0.7,Frustrated,70,Escalate to local engineering officer,,No
GRV-1503,2026-07-16T00:57:00,Social Media,A broken road section is causing traffic problems near Kukatpally.,Roads,Kukatpally,17.484521,78.411925,GHMC Roads Department,7,8,3,3,8,60,Medium,New,CL-136,1,0.75,Negative,41,Dispatch road inspection team,,No
GRV-1504,2026-08-15T13:59:00,Mobile App,Uncollected waste is creating foul smell and health concerns. A residential community may be affected.,Sanitation,Kukatpally,17.485652,78.414037,Sanitation Department,5,3,9,4,6,54,Medium,New,CL-128,3,0.38,Negative,39,Escalate to sanitation supervisor,,No
GRV-1505,2026-07-27T02:14:00,Call Center,Heavy rain has caused waterlogging in Mehdipatnam.,Drainage,Mehdipatnam,17.396161,78.447368,Storm Water & Drainage Department,4,3,2,2,5,32,Low,Assigned,CL-114,0,0.39,Urgent,18,Clear blocked drain,,No
GRV-1506,2026-07-18T07:10:00,Web,Garbage has not been collected in Dilsukhnagar for 6 days. A elderly resident may be affected.,Sanitation,Dilsukhnagar,17.370128,78.524123,Sanitation Department,7,8,9,9,5,76,High,Assigned,CL-446,5,0.44,Urgent,23,Dispatch sanitation crew,,No
GRV-1507,2026-07-16T01:36:00,Mobile App,Repeated complaints about the damaged road have not been resolved. A school nearby may be affected.,Roads,Madhapur,17.450502,78.3883,GHMC Roads Department,6,7,2,5,4,50,Medium,Resolved,CL-242,6,0.41,Frustrated,55,Schedule pothole repair,69.2,No
GRV-1508,2026-08-12T15:54:00,Social Media,A damaged electric pole is creating a safety concern. A person with disability may be affected.,Electricity,Secunderabad,17.441726,78.494466,Electricity Distribution Department,6,3,7,9,5,59,Medium,In Progress,CL-145,6,0.83,Concerned,21,Initiate emergency restoration,,No
GRV-1509,2026-07-31T10:40:00,Walk-in,A large pothole has formed near Secunderabad and is dangerous for vehicles. A person with disability may be affected.,Roads,Secunderabad,17.443799,78.501309,GHMC Roads Department,8,8,8,9,6,78,High,Resolved,CL-430,1,0.75,Urgent,18,Barricade hazardous section,23.9,No
GRV-1510,2026-08-02T19:50:00,Call Center,Uncollected waste is creating foul smell and health concerns. A hospital nearby may be affected.,Sanitation,Dilsukhnagar,17.365682,78.520767,Sanitation Department,5,5,5,9,1,50,Medium,In Progress,CL-288,0,0.8,Concerned,41,Increase collection frequency,,No
GRV-1511,2026-07-24T14:18:00,Walk-in,Power interruption has affected homes and local shops. A senior citizens may be affected.,Electricity,Kukatpally,17.483718,78.416473,Electricity Distribution Department,4,5,9,4,2,49,Low,New,CL-201,0,0.36,Concerned,20,Dispatch line inspection team,,No
GRV-1512,2026-07-27T17:14:00,Walk-in,Uncollected waste is creating foul smell and health concerns. A child may be affected.,Sanitation,Jubilee Hills,17.431981,78.410835,Sanitation Department,3,8,6,9,3,55,Medium,In Progress,CL-407,0,0.58,Urgent,14,Dispatch sanitation crew,,No
GRV-1513,2026-07-28T08:05:00,Mobile App,Overflowing garbage bins are causing a hygiene issue.,Sanitation,Madhapur,17.447308,78.394507,Sanitation Department,4,8,5,4,3,48,Low,In Progress,CL-339,2,0.65,Frustrated,31,Escalate to sanitation supervisor,,No
GRV-1514,2026-08-04T00:01:00,Mobile App,Residents on our street are facing repeated water outages.,Water Supply,Kondapur,17.462422,78.363119,Water Supply Department,8,5,9,4,7,68,Medium,New,CL-222,3,0.58,Frustrated,23,Escalate to Zone Water Officer,,No
GRV-1515,2026-08-06T10:29:00,Web,Drain is blocked near Begumpet and water is accumulating.,Drainage,Begumpet,17.441968,78.464379,Storm Water & Drainage Department,6,4,8,7,1,54,Medium,New,CL-148,6,0.79,Frustrated,7,Inspect storm-water line,,No
GRV-1516,2026-07-21T03:14:00,Web,Drain is blocked near Mehdipatnam and water is accumulating.,Drainage,Mehdipatnam,17.398645,78.450989,Storm Water & Drainage Department,8,7,2,7,4,58,Medium,Assigned,CL-439,3,0.65,Urgent,10,Clear blocked drain,,No
GRV-1517,2026-07-28T03:25:00,Call Center,Residents on our street are facing repeated water outages. A elderly resident may be affected.,Water Supply,Madhapur,17.450873,78.392951,Water Supply Department,4,3,9,9,1,51,Medium,Resolved,CL-339,0,0.56,Frustrated,21,Dispatch field inspection team,26.2,No
GRV-1518,2026-07-19T14:37:00,Walk-in,We are facing repeated power cuts in Madhapur. A child may be affected.,Electricity,Madhapur,17.449881,78.388359,Electricity Distribution Department,8,8,5,9,8,76,High,Assigned,CL-103,5,0.51,Frustrated,17,Initiate emergency restoration,,No
GRV-1519,2026-07-21T06:29:00,Social Media,Power has been out in our area for 16 hours. A senior citizens may be affected.,Electricity,Madhapur,17.451147,78.391526,Electricity Distribution Department,3,7,6,2,8,50,Medium,Assigned,CL-291,2,0.84,Negative,16,Escalate outage to field engineer,,No
GRV-1520,2026-07-28T06:59:00,Walk-in,An unsafe public area near Charminar has recurring incidents.,Public Safety,Charminar,17.3653,78.475547,Public Safety Department,5,8,7,5,3,57,Medium,New,CL-323,5,0.77,Concerned,8,Escalate to local safety officer,,No
GRV-1521,2026-08-15T14:10:00,Walk-in,The storm-water drain near Dilsukhnagar is overflowing. A child may be affected.,Drainage,Dilsukhnagar,17.367389,78.522552,Storm Water & Drainage Department,5,7,7,9,7,67,Medium,New,CL-165,6,0.37,Negative,13,Clear blocked drain,,No
GRV-1522,2026-08-11T06:53:00,Mobile App,No water supply in our locality for 7 days. A elderly resident may be affected.,Water Supply,Kondapur,17.465411,78.36529,Water Supply Department,5,3,2,9,2,42,Low,Resolved,CL-296,4,0.76,Frustrated,6,Escalate to Zone Water Officer,4.2,No
GRV-1523,2026-07-19T10:13:00,Social Media,The road near Madhapur has been damaged for 4 days. A person with disability may be affected.,Roads,Madhapur,17.448673,78.388076,GHMC Roads Department,4,6,5,9,2,50,Medium,Resolved,CL-304,5,0.69,Negative,14,Barricade hazardous section,19.0,No
GRV-1524,2026-07-31T09:55:00,Social Media,Residents are reporting a recurring public safety concern.,Public Safety,Kukatpally,17.483286,78.410743,Public Safety Department,7,5,7,6,3,58,Medium,In Progress,CL-164,5,0.59,Negative,3,Escalate to local safety officer,,No
GRV-1525,2026-07-25T15:54:00,Social Media,Our apartment has not received drinking water for 1 days.,Water Supply,Kukatpally,17.48648,78.410687,Water Supply Department,5,6,7,2,3,48,Low,Resolved,CL-214,4,0.39,Concerned,22,Initiate emergency tanker support,17.5,No
GRV-1526,2026-07-29T09:59:00,Social Media,Our street has repeated missed waste collection complaints. A pregnant resident may be affected.,Sanitation,Dilsukhnagar,17.372035,78.526325,Sanitation Department,5,9,2,9,3,55,Medium,New,CL-104,5,0.65,Urgent,15,Dispatch sanitation crew,,No
GRV-1527,2026-07-30T06:27:00,Mobile App,Uncollected waste is creating foul smell and health concerns. A residential community may be affected.,Sanitation,Banjara Hills,17.411772,78.431143,Sanitation Department,4,5,2,2,1,30,Low,Assigned,CL-448,5,0.62,Frustrated,42,Increase collection frequency,,No
GRV-1528,2026-07-21T05:07:00,Call Center,Water is entering homes due to drainage blockage. A residential community may be affected.,Drainage,Begumpet,17.442114,78.466345,Storm Water & Drainage Department,6,9,8,7,3,67,Medium,New,CL-431,4,0.73,Frustrated,20,Dispatch drainage crew,,No
GRV-1529,2026-07-17T18:08:00,Call Center,The road near Miyapur has been damaged for 5 days. A hospital nearby may be affected.,Roads,Miyapur,17.497719,78.360123,GHMC Roads Department,9,9,2,9,1,64,Medium,New,CL-112,0,0.79,Urgent,40,Schedule pothole repair,,No
GRV-1530,2026-07-30T23:49:00,Call Center,A large pothole has formed near Banjara Hills and is dangerous for vehicles. A elderly resident may be affected.,Roads,Banjara Hills,17.414151,78.435031,GHMC Roads Department,7,4,9,9,6,70,High,Assigned,CL-334,2,0.59,Urgent,47,Dispatch road inspection team,,No
GRV-1531,2026-08-19T03:50:00,Walk-in,Our apartment has not received drinking water for 6 days. A elderly resident may be affected.,Water Supply,HITEC City,17.444699,78.37683,Water Supply Department,4,9,5,9,5,61,Medium,New,CL-153,5,0.42,Urgent,10,Dispatch field inspection team,,No
GRV-1532,2026-07-31T15:24:00,Mobile App,Residents on our street are facing repeated water outages. A hospital nearby may be affected.,Water Supply,Gachibowli,17.441379,78.34916,Water Supply Department,9,3,2,9,5,58,Medium,New,CL-105,6,0.62,Frustrated,20,Inspect local pipeline/network,,No
GRV-1533,2026-08-16T10:03:00,Call Center,Our apartment has not received drinking water for 1 days.,Water Supply,Kukatpally,17.487768,78.417304,Water Supply Department,7,4,2,4,7,50,Medium,In Progress,CL-438,5,0.77,Frustrated,9,Initiate emergency tanker support,,No
GRV-1534,2026-08-07T11:18:00,Call Center,A damaged electric pole is creating a safety concern.,Electricity,Uppal,17.399894,78.562074,Electricity Distribution Department,4,4,2,4,5,38,Low,In Progress,CL-134,6,0.89,Negative,12,Dispatch line inspection team,,No
GRV-1535,2026-08-08T01:13:00,Social Media,Water pressure has been very low in HITEC City since 7 days. A residential community may be affected.,Water Supply,HITEC City,17.443912,78.380826,Water Supply Department,3,6,2,5,1,34,Low,New,CL-270,6,0.61,Concerned,19,Initiate emergency tanker support,,No
GRV-1536,2026-08-13T12:32:00,Mobile App,The road near Madhapur has been damaged for 3 days. A person with disability may be affected.,Roads,Madhapur,17.444787,78.393216,GHMC Roads Department,4,4,2,9,4,44,Low,Assigned,CL-341,1,0.7,Negative,67,Schedule pothole repair,,No
GRV-1537,2026-08-08T16:23:00,Mobile App,Uncollected waste is creating foul smell and health concerns. A person with disability may be affected.,Sanitation,Banjara Hills,17.411798,78.435556,Sanitation Department,3,3,9,9,2,50,Medium,New,CL-272,2,0.48,Negative,38,Inspect waste accumulation point,,No
GRV-1538,2026-08-18T19:20:00,Social Media,Uncollected waste is creating foul smell and health concerns. A elderly resident may be affected.,Sanitation,Kukatpally,17.486603,78.41732,Sanitation Department,5,3,6,9,3,51,Medium,Escalated,CL-400,1,0.41,Negative,44,Escalate to sanitation supervisor,,No
GRV-1539,2026-08-06T17:33:00,Social Media,Drain is blocked near Madhapur and water is accumulating.,Drainage,Madhapur,17.446645,78.389452,Storm Water & Drainage Department,4,7,8,6,2,54,Medium,Assigned,CL-120,5,0.68,Negative,20,Clear blocked drain,,No
GRV-1540,2026-07-25T03:28:00,Social Media,Waste is piling up near residential buildings in Jubilee Hills. A residential community may be affected.,Sanitation,Jubilee Hills,17.43056,78.410374,Sanitation Department,6,5,3,4,2,43,Low,New,CL-232,4,0.7,Concerned,38,Increase collection frequency,,No
GRV-1541,2026-07-15T23:10:00,Walk-in,Drain is blocked near Kukatpally and water is accumulating. A elderly resident may be affected.,Drainage,Kukatpally,17.486843,78.410811,Storm Water & Drainage Department,6,7,4,9,8,66,Medium,Assigned,CL-382,3,0.84,Urgent,9,Dispatch drainage crew,,No
GRV-1542,2026-07-29T16:57:00,Web,Power interruption has affected homes and local shops.,Electricity,Gachibowli,17.43669,78.352266,Electricity Distribution Department,6,6,7,3,7,59,Medium,In Progress,CL-384,0,0.73,Urgent,12,Initiate emergency restoration,,No
GRV-1543,2026-08-09T15:23:00,Mobile App,Transformer near Kukatpally appears overloaded and outages are frequent.,Electricity,Kukatpally,17.484969,78.414505,Electricity Distribution Department,8,4,4,7,2,54,Medium,In Progress,CL-312,4,0.83,Urgent,23,Dispatch line inspection team,,No
GRV-1544,2026-07-21T10:02:00,Social Media,Repeated complaints about the damaged road have not been resolved. A local shops may be affected.,Roads,Madhapur,17.446526,78.394537,GHMC Roads Department,7,7,8,4,6,66,Medium,Resolved,CL-310,1,0.52,Frustrated,64,Schedule pothole repair,84.9,No
GRV-1545,2026-07-19T20:59:00,Mobile App,Our apartment has not received drinking water for 2 days. A pregnant resident may be affected.,Water Supply,HITEC City,17.443917,78.37727,Water Supply Department,6,4,4,9,5,55,Medium,Escalated,CL-137,6,0.88,Concerned,13,Escalate to Zone Water Officer,,No
GRV-1546,2026-07-20T17:53:00,Web,No water supply in our locality for 5 days. A residential community may be affected.,Water Supply,Kukatpally,17.484455,78.413258,Water Supply Department,9,3,7,3,5,59,Medium,Assigned,CL-106,4,0.75,Frustrated,20,Inspect local pipeline/network,,No
GRV-1547,2026-07-27T02:29:00,Call Center,Our apartment has not received drinking water for 6 days.,Water Supply,Kondapur,17.464638,78.361007,Water Supply Department,8,9,5,7,2,66,Medium,Escalated,CL-136,2,0.43,Concerned,22,Dispatch field inspection team,,No
GRV-1548,2026-08-19T01:11:00,Web,A broken streetlight is creating a safety risk at night. A person with disability may be affected.,Public Safety,Charminar,17.365207,78.477557,Public Safety Department,7,6,5,9,4,62,Medium,Assigned,CL-141,3,0.6,Concerned,9,Escalate to local safety officer,,No
GRV-1549,2026-07-23T00:56:00,Walk-in,Water pressure has been very low in Gachibowli since 4 days. A elderly resident may be affected.,Water Supply,Gachibowli,17.440883,78.349247,Water Supply Department,8,5,8,9,4,70,High,Resolved,CL-325,5,0.61,Concerned,15,Inspect local pipeline/network,19.9,No
GRV-1550,2026-07-20T04:22:00,Walk-in,Water pipeline near Kondapur appears damaged and residents have no supply.,Water Supply,Kondapur,17.462308,78.366198,Water Supply Department,5,4,8,2,3,46,Low,Escalated,CL-323,5,0.87,Frustrated,18,Dispatch field inspection team,,No
GRV-1551,2026-07-17T15:17:00,Web,Garbage has not been collected in Madhapur for 2 days. A senior citizens may be affected.,Sanitation,Madhapur,17.446768,78.390778,Sanitation Department,5,5,7,5,7,57,Medium,Escalated,CL-409,2,0.58,Frustrated,43,Increase collection frequency,,No
GRV-1552,2026-07-30T09:49:00,Mobile App,Heavy rain has caused waterlogging in Kondapur. A high-footfall public area may be affected.,Drainage,Kondapur,17.460397,78.362288,Storm Water & Drainage Department,3,8,2,8,7,52,Medium,New,CL-115,2,0.77,Negative,23,Clear blocked drain,,No
GRV-1553,2026-07-19T16:32:00,Mobile App,The storm-water drain near Mehdipatnam is overflowing. A school nearby may be affected.,Drainage,Mehdipatnam,17.397252,78.451505,Storm Water & Drainage Department,4,7,5,2,1,40,Low,Resolved,CL-206,4,0.76,Negative,18,Dispatch drainage crew,3.1,No
GRV-1554,2026-08-16T20:46:00,Social Media,Our street has repeated missed waste collection complaints. A child may be affected.,Sanitation,Dilsukhnagar,17.372152,78.521464,Sanitation Department,8,5,3,9,2,56,Medium,New,CL-338,5,0.62,Negative,38,Escalate to sanitation supervisor,,No
GRV-1555,2026-08-08T22:30:00,Walk-in,There is an open road crack/pothole near a school in Banjara Hills. A local shops may be affected.,Roads,Banjara Hills,17.416088,78.434567,GHMC Roads Department,3,5,6,5,4,44,Low,Assigned,CL-140,5,0.49,Negative,36,Barricade hazardous section,,No
GRV-1556,2026-07-31T02:30:00,Web,Transformer near Gachibowli appears overloaded and outages are frequent.,Electricity,Gachibowli,17.436863,78.346254,Electricity Distribution Department,8,3,9,3,1,54,Medium,New,CL-236,3,0.77,Frustrated,20,Initiate emergency restoration,,No
GRV-1557,2026-07-29T17:53:00,Walk-in,Water is entering homes due to drainage blockage.,Drainage,Kondapur,17.464471,78.362845,Storm Water & Drainage Department,7,8,5,2,8,62,Medium,New,CL-353,5,0.57,Concerned,10,Clear blocked drain,,No
GRV-1558,2026-07-15T21:10:00,Walk-in,The storm-water drain near Mehdipatnam is overflowing. A residential community may be affected.,Drainage,Mehdipatnam,17.399158,78.446909,Storm Water & Drainage Department,6,7,3,2,7,52,Medium,Escalated,CL-164,6,0.55,Negative,22,Escalate flooding risk to engineering team,,No
GRV-1559,2026-08-08T09:41:00,Social Media,A damaged electric pole is creating a safety concern. A elderly resident may be affected.,Electricity,Madhapur,17.451916,78.39047,Electricity Distribution Department,3,6,6,9,5,54,Medium,New,CL-252,2,0.68,Concerned,7,Escalate outage to field engineer,,No
GRV-1560,2026-07-15T13:19:00,Walk-in,We are facing repeated power cuts in Secunderabad. A local shops may be affected.,Electricity,Secunderabad,17.438548,78.494789,Electricity Distribution Department,9,6,2,4,7,60,Medium,New,CL-337,0,0.43,Urgent,24,Initiate emergency restoration,,No
GRV-1561,2026-08-01T12:59:00,Web,The storm-water drain near Kondapur is overflowing.,Drainage,Kondapur,17.462241,78.361524,Storm Water & Drainage Department,4,5,6,8,7,56,Medium,In Progress,CL-251,6,0.55,Concerned,14,Clear blocked drain,,No
GRV-1562,2026-08-17T18:14:00,Mobile App,Waste is piling up near residential buildings in Jubilee Hills.,Sanitation,Jubilee Hills,17.429919,78.410097,Sanitation Department,7,8,8,4,5,66,Medium,New,CL-237,0,0.46,Frustrated,25,Inspect waste accumulation point,,No
GRV-1563,2026-08-04T13:22:00,Social Media,Water pipeline near Madhapur appears damaged and residents have no supply.,Water Supply,Madhapur,17.451038,78.395143,Water Supply Department,5,5,3,3,7,46,Low,Resolved,CL-118,5,0.77,Frustrated,15,Inspect local pipeline/network,8.5,No
GRV-1564,2026-07-30T22:54:00,Social Media,There is a hazardous open section near a school.,Public Safety,Banjara Hills,17.41861,78.438065,Public Safety Department,5,8,3,6,7,56,Medium,Resolved,CL-357,6,0.45,Concerned,9,Escalate to local safety officer,6.0,No
GRV-1565,2026-07-26T03:32:00,Call Center,We are facing repeated power cuts in Kondapur. A residential community may be affected.,Electricity,Kondapur,17.462633,78.363886,Electricity Distribution Department,7,4,2,6,5,50,Medium,In Progress,CL-123,2,0.4,Concerned,2,Escalate outage to field engineer,,No
GRV-1566,2026-08-10T11:57:00,Mobile App,Our street has repeated missed waste collection complaints.,Sanitation,Dilsukhnagar,17.365463,78.527373,Sanitation Department,8,6,9,3,8,70,High,Escalated,CL-108,0,0.37,Negative,21,Dispatch sanitation crew,,No
GRV-1567,2026-08-09T08:46:00,Walk-in,Residents on our street are facing repeated water outages. A pregnant resident may be affected.,Water Supply,Gachibowli,17.442802,78.350257,Water Supply Department,9,4,2,9,6,62,Medium,In Progress,CL-303,1,0.83,Concerned,17,Dispatch field inspection team,,No
GRV-1568,2026-07-15T11:19:00,Walk-in,A large pothole has formed near Banjara Hills and is dangerous for vehicles. A child may be affected.,Roads,Banjara Hills,17.416145,78.43627,GHMC Roads Department,3,5,5,9,7,53,Medium,In Progress,CL-119,6,0.69,Urgent,29,Escalate to local engineering officer,,No
GRV-1569,2026-07-18T19:56:00,Mobile App,Water pressure has been very low in Madhapur since 2 days. A school nearby may be affected.,Water Supply,Madhapur,17.450279,78.393405,Water Supply Department,8,3,4,8,1,52,Medium,Assigned,CL-441,3,0.69,Urgent,13,Inspect local pipeline/network,,No
GRV-1570,2026-08-14T02:28:00,Call Center,Water pressure has been very low in Gachibowli since 2 days. A senior citizens may be affected.,Water Supply,Gachibowli,17.442279,78.349084,Water Supply Department,6,4,5,4,4,48,Low,New,CL-293,2,0.88,Urgent,14,Escalate to Zone Water Officer,,No
GRV-1571,2026-07-24T07:16:00,Web,Water pipeline near Kukatpally appears damaged and residents have no supply. A school nearby may be affected.,Water Supply,Kukatpally,17.485036,78.414849,Water Supply Department,9,8,6,3,6,68,Medium,In Progress,CL-150,6,0.4,Concerned,12,Initiate emergency tanker support,,No
GRV-1572,2026-07-29T14:21:00,Walk-in,Repeated complaints about the damaged road have not been resolved.,Roads,Gachibowli,17.440474,78.350916,GHMC Roads Department,5,8,3,7,6,56,Medium,Resolved,CL-241,3,0.44,Negative,53,Escalate to local engineering officer,16.5,No
GRV-1573,2026-07-17T01:59:00,Walk-in,Blocked drainage is creating a severe sanitation problem.,Drainage,Mehdipatnam,17.398393,78.453632,Storm Water & Drainage Department,5,8,7,6,6,63,Medium,Resolved,CL-307,2,0.72,Frustrated,13,Escalate flooding risk to engineering team,17.8,No
GRV-1574,2026-07-17T15:05:00,Mobile App,The storm-water drain near Madhapur is overflowing.,Drainage,Madhapur,17.447985,78.392769,Storm Water & Drainage Department,8,7,5,6,3,62,Medium,Resolved,CL-301,6,0.71,Urgent,15,Clear blocked drain,4.9,No
GRV-1575,2026-07-19T14:30:00,Walk-in,The road near Madhapur has been damaged for 1 days.,Roads,Madhapur,17.449647,78.394151,GHMC Roads Department,6,3,5,3,6,48,Low,Escalated,CL-433,2,0.61,Negative,47,Barricade hazardous section,,No
GRV-1576,2026-08-15T22:37:00,Mobile App,Water pipeline near Gachibowli appears damaged and residents have no supply.,Water Supply,Gachibowli,17.439053,78.347619,Water Supply Department,5,9,8,6,7,68,Medium,New,CL-396,5,0.54,Negative,6,Dispatch field inspection team,,No
GRV-1577,2026-08-02T11:09:00,Web,Heavy rain has caused waterlogging in Begumpet. A residential community may be affected.,Drainage,Begumpet,17.441388,78.47124,Storm Water & Drainage Department,3,4,6,5,2,40,Low,Assigned,CL-323,1,0.56,Concerned,15,Clear blocked drain,,No
GRV-1578,2026-08-05T23:24:00,Walk-in,A broken road section is causing traffic problems near Gachibowli.,Roads,Gachibowli,17.43948,78.345336,GHMC Roads Department,3,8,8,8,1,54,Medium,In Progress,CL-445,4,0.52,Urgent,55,Escalate to local engineering officer,,No
GRV-1579,2026-08-07T00:48:00,Social Media,Uncollected waste is creating foul smell and health concerns. A hospital nearby may be affected.,Sanitation,Dilsukhnagar,17.366863,78.524819,Sanitation Department,6,8,7,9,6,70,High,Resolved,CL-115,3,0.77,Negative,36,Escalate to sanitation supervisor,6.2,No
GRV-1580,2026-07-27T23:49:00,Call Center,Power has been out in our area for 3 hours.,Electricity,Gachibowli,17.439436,78.348474,Electricity Distribution Department,6,5,2,6,6,50,Medium,In Progress,CL-160,5,0.58,Concerned,2,Escalate outage to field engineer,,No
GRV-1581,2026-08-05T09:27:00,Mobile App,Residents are reporting a recurring public safety concern.,Public Safety,Madhapur,17.45165,78.394729,Public Safety Department,4,4,3,6,2,38,Low,Assigned,CL-358,5,0.74,Urgent,6,Initiate immediate risk mitigation,,No
GRV-1582,2026-07-28T05:27:00,Web,Water pressure has been very low in Madhapur since 3 days. A high-footfall public area may be affected.,Water Supply,Madhapur,17.450995,78.390967,Water Supply Department,8,8,3,5,2,56,Medium,New,CL-265,5,0.85,Concerned,18,Dispatch field inspection team,,No
GRV-1583,2026-07-27T01:47:00,Walk-in,Repeated complaints about the damaged road have not been resolved.,Roads,Banjara Hills,17.418878,78.436126,GHMC Roads Department,4,8,2,4,8,50,Medium,Resolved,CL-354,3,0.76,Urgent,56,Schedule pothole repair,24.7,No
GRV-1584,2026-07-29T04:14:00,Walk-in,Water pressure has been very low in Gachibowli since 1 days. A pregnant resident may be affected.,Water Supply,Gachibowli,17.440803,78.349978,Water Supply Department,6,7,7,9,2,62,Medium,In Progress,CL-355,5,0.47,Urgent,8,Inspect local pipeline/network,,No
GRV-1585,2026-07-22T14:43:00,Social Media,The storm-water drain near Mehdipatnam is overflowing. A school nearby may be affected.,Drainage,Mehdipatnam,17.399942,78.451051,Storm Water & Drainage Department,5,9,9,3,8,68,Medium,Assigned,CL-161,5,0.46,Frustrated,18,Inspect storm-water line,,No
GRV-1586,2026-08-16T23:01:00,Walk-in,Our apartment has not received drinking water for 3 days. A residential community may be affected.,Water Supply,Kondapur,17.464869,78.361754,Water Supply Department,6,3,4,6,3,46,Low,In Progress,CL-260,3,0.66,Concerned,15,Dispatch field inspection team,,No
GRV-1587,2026-08-09T21:17:00,Call Center,Residents on our street are facing repeated water outages. A pregnant resident may be affected.,Water Supply,Gachibowli,17.440118,78.34916,Water Supply Department,9,4,8,9,7,75,High,Resolved,CL-375,3,0.76,Concerned,16,Escalate to Zone Water Officer,15.9,No
GRV-1588,2026-07-19T12:24:00,Mobile App,We are facing repeated power cuts in Secunderabad.,Electricity,Secunderabad,17.440991,78.499251,Electricity Distribution Department,4,6,6,2,6,48,Low,Escalated,CL-305,5,0.7,Frustrated,20,Inspect transformer/feed line,,No
GRV-1589,2026-08-18T00:41:00,Mobile App,Drain is blocked near Begumpet and water is accumulating. A school nearby may be affected.,Drainage,Begumpet,17.442962,78.469384,Storm Water & Drainage Department,4,4,9,7,2,52,Medium,In Progress,CL-417,4,0.36,Concerned,18,Clear blocked drain,,No
GRV-1590,2026-07-25T15:50:00,Social Media,A broken road section is causing traffic problems near Gachibowli. A elderly resident may be affected.,Roads,Gachibowli,17.442803,78.351877,GHMC Roads Department,3,4,9,9,8,60,Medium,Resolved,CL-126,3,0.72,Urgent,23,Barricade hazardous section,18.3,No
GRV-1591,2026-07-20T11:45:00,Web,There is an open road crack/pothole near a school in Gachibowli.,Roads,Gachibowli,17.439608,78.351522,GHMC Roads Department,6,9,8,2,7,66,Medium,In Progress,CL-382,4,0.83,Concerned,61,Dispatch road inspection team,,No
GRV-1592,2026-08-16T11:50:00,Call Center,Uncollected waste is creating foul smell and health concerns.,Sanitation,Kukatpally,17.482036,78.411745,Sanitation Department,6,6,3,2,3,44,Low,Escalated,CL-368,4,0.76,Concerned,19,Escalate to sanitation supervisor,,No
GRV-1593,2026-07-29T10:50:00,Web,There is an open road crack/pothole near a school in Madhapur.,Roads,Madhapur,17.450391,78.388684,GHMC Roads Department,6,9,5,8,5,66,Medium,Escalated,CL-352,3,0.51,Concerned,40,Schedule pothole repair,,No
GRV-1594,2026-08-13T23:08:00,Mobile App,Our apartment has not received drinking water for 5 days. A school nearby may be affected.,Water Supply,Kondapur,17.457724,78.362393,Water Supply Department,8,4,6,5,8,64,Medium,In Progress,CL-265,6,0.43,Concerned,10,Inspect local pipeline/network,,No
GRV-1595,2026-08-05T17:20:00,Mobile App,Repeated complaints about the damaged road have not been resolved.,Roads,Banjara Hills,17.418566,78.434556,GHMC Roads Department,7,6,9,6,3,64,Medium,Assigned,CL-324,4,0.7,Concerned,45,Escalate to local engineering officer,,No
GRV-1596,2026-08-11T13:58:00,Mobile App,Transformer near Gachibowli appears overloaded and outages are frequent. A person with disability may be affected.,Electricity,Gachibowli,17.442031,78.347808,Electricity Distribution Department,4,5,3,9,4,48,Low,Resolved,CL-334,4,0.62,Concerned,2,Dispatch line inspection team,2.8,No
GRV-1597,2026-07-25T18:16:00,Mobile App,Power has been out in our area for 18 hours. A pregnant resident may be affected.,Electricity,Kukatpally,17.486417,78.413449,Electricity Distribution Department,7,9,3,9,1,60,Medium,Escalated,CL-262,1,0.66,Frustrated,7,Dispatch line inspection team,,No
GRV-1598,2026-08-09T03:30:00,Call Center,Drain is blocked near Kukatpally and water is accumulating.,Drainage,Kukatpally,17.48722,78.410384,Storm Water & Drainage Department,4,7,6,2,4,47,Low,New,CL-213,6,0.48,Urgent,20,Escalate flooding risk to engineering team,,No
GRV-1599,2026-08-15T01:56:00,Walk-in,No water supply in our locality for 4 days. A local shops may be affected.,Water Supply,Gachibowli,17.444038,78.346914,Water Supply Department,4,7,9,4,1,52,Medium,Resolved,CL-357,0,0.82,Frustrated,20,Initiate emergency tanker support,7.5,No
GRV-1600,2026-08-05T19:19:00,Walk-in,The storm-water drain near Kukatpally is overflowing. A residential community may be affected.,Drainage,Kukatpally,17.480952,78.416947,Storm Water & Drainage Department,7,5,6,4,4,55,Medium,New,CL-246,4,0.5,Concerned,20,Escalate flooding risk to engineering team,,No
GRV-1601,2026-07-25T05:13:00,Walk-in,Transformer near Madhapur appears overloaded and outages are frequent. A elderly resident may be affected.,Electricity,Madhapur,17.445123,78.3899,Electricity Distribution Department,9,6,7,9,3,71,High,In Progress,CL-335,6,0.77,Urgent,11,Inspect transformer/feed line,,No
GRV-1602,2026-08-12T05:38:00,Call Center,Heavy rain has caused waterlogging in Dilsukhnagar.,Drainage,Dilsukhnagar,17.367766,78.52315,Storm Water & Drainage Department,9,4,4,6,3,56,Medium,Resolved,CL-320,3,0.87,Concerned,19,Inspect storm-water line,9.1,No
GRV-1603,2026-07-21T07:29:00,Call Center,Residents are reporting a recurring public safety concern. A hospital nearby may be affected.,Public Safety,Gachibowli,17.438458,78.347888,Public Safety Department,6,3,8,9,1,55,Medium,New,CL-253,6,0.54,Frustrated,6,Inspect hazardous location,,No
GRV-1604,2026-08-04T19:46:00,Walk-in,We are facing repeated power cuts in Secunderabad.,Electricity,Secunderabad,17.441402,78.501571,Electricity Distribution Department,6,9,6,2,2,54,Medium,In Progress,CL-211,5,0.44,Urgent,20,Initiate emergency restoration,,No
GRV-1605,2026-07-18T11:20:00,Mobile App,A large pothole has formed near Madhapur and is dangerous for vehicles.,Roads,Madhapur,17.449018,78.392093,GHMC Roads Department,5,7,7,5,5,58,Medium,Escalated,CL-423,5,0.6,Negative,61,Dispatch road inspection team,,No
GRV-1606,2026-08-17T07:28:00,Call Center,Power interruption has affected homes and local shops. A local shops may be affected.,Electricity,Madhapur,17.446964,78.392921,Electricity Distribution Department,5,8,2,3,2,42,Low,New,CL-317,2,0.87,Concerned,8,Escalate outage to field engineer,,No
GRV-1607,2026-07-16T16:32:00,Web,Our street has repeated missed waste collection complaints. A residential community may be affected.,Sanitation,Secunderabad,17.441775,78.498822,Sanitation Department,9,6,2,8,1,56,Medium,Resolved,CL-362,3,0.36,Concerned,32,Dispatch sanitation crew,24.6,No
GRV-1608,2026-07-21T19:41:00,Walk-in,Water is entering homes due to drainage blockage.,Drainage,Kondapur,17.461722,78.366241,Storm Water & Drainage Department,4,9,3,8,7,58,Medium,New,CL-286,5,0.6,Concerned,16,Escalate flooding risk to engineering team,,No
GRV-1609,2026-07-29T06:34:00,Social Media,No water supply in our locality for 1 days. A elderly resident may be affected.,Water Supply,Gachibowli,17.443503,78.352046,Water Supply Department,5,6,4,9,5,56,Medium,Escalated,CL-138,6,0.67,Urgent,20,Escalate to Zone Water Officer,,No
GRV-1610,2026-07-28T18:59:00,Mobile App,A large pothole has formed near Miyapur and is dangerous for vehicles. A elderly resident may be affected.,Roads,Miyapur,17.496294,78.355169,GHMC Roads Department,7,9,2,9,3,61,Medium,Escalated,CL-127,2,0.87,Concerned,26,Barricade hazardous section,,No
GRV-1611,2026-07-23T19:13:00,Mobile App,Our street has repeated missed waste collection complaints. A elderly resident may be affected.,Sanitation,Banjara Hills,17.415654,78.435326,Sanitation Department,9,8,5,9,7,77,High,In Progress,CL-118,3,0.59,Negative,36,Dispatch sanitation crew,,No
GRV-1612,2026-07-16T00:00:00,Call Center,A broken road section is causing traffic problems near Miyapur. A hospital nearby may be affected.,Roads,Miyapur,17.500466,78.359692,GHMC Roads Department,4,3,7,9,8,58,Medium,Resolved,CL-290,3,0.62,Concerned,36,Escalate to local engineering officer,22.8,No
GRV-1613,2026-07-20T19:33:00,Web,There is a hazardous open section near a school.,Public Safety,Gachibowli,17.44087,78.346579,Public Safety Department,3,5,7,2,3,40,Low,New,CL-209,0,0.45,Urgent,4,Inspect hazardous location,,No
GRV-1614,2026-08-05T13:13:00,Call Center,Our street has repeated missed waste collection complaints. A child may be affected.,Sanitation,Secunderabad,17.440875,78.494528,Sanitation Department,7,4,4,9,6,60,Medium,Assigned,CL-415,0,0.77,Negative,31,Dispatch sanitation crew,,No
GRV-1615,2026-07-19T06:26:00,Social Media,Our street has repeated missed waste collection complaints. A elderly resident may be affected.,Sanitation,Banjara Hills,17.415123,78.437555,Sanitation Department,6,9,4,9,3,62,Medium,New,CL-306,1,0.36,Negative,16,Dispatch sanitation crew,,No
GRV-1616,2026-07-20T20:51:00,Web,Overflowing garbage bins are causing a hygiene issue.,Sanitation,Kukatpally,17.486638,78.412058,Sanitation Department,5,7,3,5,8,54,Medium,New,CL-161,4,0.42,Urgent,21,Dispatch sanitation crew,,No
GRV-1617,2026-07-21T12:37:00,Web,A broken road section is causing traffic problems near Miyapur.,Roads,Miyapur,17.499254,78.360836,GHMC Roads Department,6,8,6,8,3,62,Medium,Resolved,CL-298,5,0.58,Concerned,59,Dispatch road inspection team,5.0,No
GRV-1618,2026-08-19T04:36:00,Social Media,The road near Secunderabad has been damaged for 7 days. A hospital nearby may be affected.,Roads,Secunderabad,17.438002,78.497819,GHMC Roads Department,3,7,9,9,8,66,Medium,In Progress,CL-105,6,0.45,Concerned,37,Schedule pothole repair,,No
GRV-1619,2026-07-18T00:50:00,Social Media,A damaged electric pole is leaning dangerously near homes. A school nearby may be affected.,Public Safety,Charminar,17.35861,78.472517,Public Safety Department,9,6,9,7,2,70,High,Assigned,CL-144,2,0.76,Concerned,7,Initiate immediate risk mitigation,,No
GRV-1620,2026-08-17T10:01:00,Mobile App,Our apartment has not received drinking water for 2 days. A residential community may be affected.,Water Supply,Madhapur,17.448803,78.391744,Water Supply Department,7,3,4,5,4,48,Low,Escalated,CL-353,1,0.8,Urgent,12,Dispatch field inspection team,,No
GRV-1621,2026-08-02T10:54:00,Walk-in,Heavy rain has caused waterlogging in Kukatpally. A hospital nearby may be affected.,Drainage,Kukatpally,17.483272,78.417008,Storm Water & Drainage Department,3,8,4,9,4,52,Medium,Assigned,CL-442,4,0.64,Urgent,12,Escalate flooding risk to engineering team,,No
GRV-1622,2026-07-21T07:09:00,Mobile App,Power has been out in our area for 11 hours. A elderly resident may be affected.,Electricity,Secunderabad,17.43903,78.495576,Electricity Distribution Department,8,7,6,9,4,70,High,Resolved,CL-443,3,0.38,Negative,17,Initiate emergency restoration,20.0,No
GRV-1623,2026-08-13T00:17:00,Call Center,Power has been out in our area for 13 hours. A person with disability may be affected.,Electricity,Uppal,17.401194,78.562973,Electricity Distribution Department,5,4,8,9,2,56,Medium,New,CL-125,1,0.46,Urgent,12,Initiate emergency restoration,,No
GRV-1624,2026-07-31T14:53:00,Social Media,Repeated complaints about the damaged road have not been resolved.,Roads,Secunderabad,17.437248,78.499978,GHMC Roads Department,6,4,3,8,6,53,Medium,Assigned,CL-309,0,0.86,Concerned,69,Escalate to local engineering officer,,No
GRV-1625,2026-08-15T05:46:00,Call Center,Waste is piling up near residential buildings in Jubilee Hills.,Sanitation,Jubilee Hills,17.436465,78.403765,Sanitation Department,8,6,8,5,1,61,Medium,Resolved,CL-370,2,0.82,Negative,29,Dispatch sanitation crew,28.6,No
GRV-1626,2026-08-12T19:24:00,Web,An unsafe public area near Secunderabad has recurring incidents. A senior citizens may be affected.,Public Safety,Secunderabad,17.440505,78.49524,Public Safety Department,8,5,3,8,8,64,Medium,In Progress,CL-403,6,0.68,Frustrated,2,Escalate to local safety officer,,No
GRV-1627,2026-08-16T02:49:00,Social Media,Garbage has not been collected in Secunderabad for 7 days. A school nearby may be affected.,Sanitation,Secunderabad,17.437346,78.499344,Sanitation Department,9,6,9,6,1,68,Medium,Escalated,CL-154,5,0.79,Frustrated,39,Inspect waste accumulation point,,No
GRV-1628,2026-07-29T04:29:00,Social Media,Water pipeline near HITEC City appears damaged and residents have no supply.,Water Supply,HITEC City,17.444686,78.379126,Water Supply Department,5,5,7,4,4,51,Medium,Resolved,CL-421,0,0.59,Concerned,14,Inspect local pipeline/network,5.1,No
GRV-1629,2026-08-11T14:25:00,Walk-in,Repeated complaints about the damaged road have not been resolved. A local shops may be affected.,Roads,Gachibowli,17.437717,78.351748,GHMC Roads Department,9,9,5,4,5,68,Medium,In Progress,CL-393,0,0.84,Negative,32,Escalate to local engineering officer,,No
GRV-1630,2026-07-18T13:12:00,Walk-in,Waste is piling up near residential buildings in Madhapur. A school nearby may be affected.,Sanitation,Madhapur,17.451118,78.388666,Sanitation Department,3,4,6,6,5,46,Low,New,CL-424,5,0.56,Urgent,17,Inspect waste accumulation point,,No
GRV-1631,2026-07-17T01:15:00,Walk-in,Drain is blocked near Kukatpally and water is accumulating.,Drainage,Kukatpally,17.482696,78.415361,Storm Water & Drainage Department,8,9,6,6,2,66,Medium,New,CL-206,3,0.89,Concerned,23,Clear blocked drain,,No
GRV-1632,2026-07-23T12:26:00,Walk-in,The road near Miyapur has been damaged for 6 days. A elderly resident may be affected.,Roads,Miyapur,17.498874,78.358654,GHMC Roads Department,4,3,9,9,8,62,Medium,Resolved,CL-427,4,0.65,Frustrated,23,Schedule pothole repair,20.9,No
GRV-1633,2026-08-05T23:45:00,Social Media,Overflowing garbage bins are causing a hygiene issue. A local shops may be affected.,Sanitation,Kukatpally,17.482723,78.412587,Sanitation Department,3,8,4,4,4,45,Low,In Progress,CL-148,6,0.4,Urgent,42,Increase collection frequency,,No
GRV-1634,2026-08-14T11:09:00,Call Center,A damaged electric pole is creating a safety concern. A senior citizens may be affected.,Electricity,Kondapur,17.462058,78.368279,Electricity Distribution Department,3,4,2,6,8,42,Low,Escalated,CL-107,3,0.83,Negative,4,Dispatch line inspection team,,No
GRV-1635,2026-08-01T16:09:00,Social Media,There is a hazardous open section near a school. A person with disability may be affected.,Public Safety,Charminar,17.358024,78.476736,Public Safety Department,6,5,6,9,6,62,Medium,Resolved,CL-448,4,0.66,Urgent,10,Dispatch safety inspection team,9.6,No
GRV-1636,2026-08-15T10:07:00,Walk-in,Water pressure has been very low in Kukatpally since 5 days.,Water Supply,Kukatpally,17.487339,78.41285,Water Supply Department,4,7,4,8,3,50,Medium,New,CL-346,3,0.7,Negative,16,Initiate emergency tanker support,,No
GRV-1637,2026-07-25T00:22:00,Web,A broken road section is causing traffic problems near Madhapur. A child may be affected.,Roads,Madhapur,17.448491,78.387663,GHMC Roads Department,6,5,9,9,2,62,Medium,In Progress,CL-392,1,0.49,Urgent,53,Dispatch road inspection team,,No
GRV-1638,2026-08-08T08:23:00,Social Media,Drain is blocked near Madhapur and water is accumulating.,Drainage,Madhapur,17.446047,78.390262,Storm Water & Drainage Department,7,3,2,4,7,48,Low,Resolved,CL-246,4,0.36,Concerned,8,Clear blocked drain,3.9,No
GRV-1639,2026-07-27T18:06:00,Web,Water is entering homes due to drainage blockage. A child may be affected.,Drainage,Kukatpally,17.484881,78.414628,Storm Water & Drainage Department,9,6,2,9,1,58,Medium,Escalated,CL-242,2,0.79,Negative,17,Inspect storm-water line,,No
GRV-1640,2026-07-23T08:50:00,Walk-in,Power has been out in our area for 16 hours.,Electricity,Kukatpally,17.487387,78.417077,Electricity Distribution Department,3,5,5,4,3,40,Low,New,CL-150,3,0.87,Urgent,14,Dispatch line inspection team,,No
GRV-1641,2026-08-11T01:27:00,Web,Blocked drainage is creating a severe sanitation problem.,Drainage,Madhapur,17.44823,78.390072,Storm Water & Drainage Department,8,4,6,4,3,54,Medium,Assigned,CL-142,2,0.76,Frustrated,18,Escalate flooding risk to engineering team,,No
GRV-1642,2026-07-16T12:03:00,Web,Drain is blocked near Mehdipatnam and water is accumulating. A local shops may be affected.,Drainage,Mehdipatnam,17.39879,78.451473,Storm Water & Drainage Department,3,4,3,4,3,34,Low,Assigned,CL-337,4,0.75,Concerned,15,Escalate flooding risk to engineering team,,No
GRV-1643,2026-07-24T03:36:00,Walk-in,A broken streetlight is creating a safety risk at night.,Public Safety,Charminar,17.359248,78.476215,Public Safety Department,3,6,4,3,6,42,Low,In Progress,CL-123,3,0.74,Negative,12,Inspect hazardous location,,No
GRV-1644,2026-08-12T20:16:00,Call Center,Water pressure has been very low in Kondapur since 2 days. A hospital nearby may be affected.,Water Supply,Kondapur,17.459139,78.367729,Water Supply Department,9,6,2,9,3,61,Medium,Escalated,CL-430,4,0.67,Urgent,19,Inspect local pipeline/network,,No
GRV-1645,2026-07-17T02:44:00,Web,A damaged electric pole is creating a safety concern. A pregnant resident may be affected.,Electricity,Kukatpally,17.481822,78.417018,Electricity Distribution Department,4,9,9,9,5,69,Medium,New,CL-218,3,0.69,Negative,16,Initiate emergency restoration,,No
GRV-1646,2026-07-19T00:35:00,Walk-in,Water pipeline near Kondapur appears damaged and residents have no supply. A pregnant resident may be affected.,Water Supply,Kondapur,17.461331,78.361591,Water Supply Department,5,5,6,9,2,54,Medium,New,CL-209,1,0.56,Negative,21,Dispatch field inspection team,,No
GRV-1647,2026-07-28T21:02:00,Call Center,We are facing repeated power cuts in Madhapur. A residential community may be affected.,Electricity,Madhapur,17.451675,78.390301,Electricity Distribution Department,5,6,4,5,1,44,Low,New,CL-111,5,0.77,Urgent,20,Inspect transformer/feed line,,No
GRV-1648,2026-07-25T19:38:00,Social Media,A damaged electric pole is leaning dangerously near homes. A residential community may be affected.,Public Safety,Madhapur,17.452013,78.387954,Public Safety Department,4,4,5,4,8,48,Low,Assigned,CL-151,0,0.82,Negative,10,Dispatch safety inspection team,,No
GRV-1649,2026-08-19T01:24:00,Web,Transformer near Uppal appears overloaded and outages are frequent. A hospital nearby may be affected.,Electricity,Uppal,17.401509,78.557391,Electricity Distribution Department,4,3,5,9,1,43,Low,New,CL-103,0,0.35,Frustrated,20,Initiate emergency restoration,,No
GRV-1650,2026-08-03T17:30:00,Mobile App,Blocked drainage is creating a severe sanitation problem.,Drainage,Dilsukhnagar,17.367095,78.526548,Storm Water & Drainage Department,4,8,9,6,5,62,Medium,In Progress,CL-257,5,0.88,Concerned,10,Escalate flooding risk to engineering team,,No
GRV-1651,2026-07-30T09:13:00,Walk-in,Our street has repeated missed waste collection complaints.,Sanitation,Jubilee Hills,17.432151,78.406208,Sanitation Department,4,3,9,5,4,50,Medium,Assigned,CL-387,5,0.42,Frustrated,37,Inspect waste accumulation point,,No
GRV-1652,2026-08-18T03:26:00,Mobile App,Waste is piling up near residential buildings in Madhapur. A person with disability may be affected.,Sanitation,Madhapur,17.448062,78.391843,Sanitation Department,8,4,5,9,6,64,Medium,In Progress,CL-152,6,0.65,Frustrated,35,Escalate to sanitation supervisor,,No
GRV-1653,2026-08-13T22:13:00,Social Media,Waste is piling up near residential buildings in Secunderabad. A school nearby may be affected.,Sanitation,Secunderabad,17.442054,78.49943,Sanitation Department,4,8,8,6,7,64,Medium,In Progress,CL-153,0,0.86,Urgent,36,Increase collection frequency,,No
GRV-1654,2026-07-17T14:21:00,Mobile App,The road near Gachibowli has been damaged for 4 days.,Roads,Gachibowli,17.442049,78.352564,GHMC Roads Department,6,5,2,7,2,46,Low,New,CL-291,0,0.4,Negative,66,Schedule pothole repair,,No
GRV-1655,2026-08-07T01:58:00,Call Center,Water pipeline near HITEC City appears damaged and residents have no supply. A school nearby may be affected.,Water Supply,HITEC City,17.44502,78.380429,Water Supply Department,4,5,6,2,3,42,Low,New,CL-320,0,0.44,Urgent,19,Dispatch field inspection team,,No
GRV-1656,2026-08-08T17:11:00,Call Center,An unsafe public area near Banjara Hills has recurring incidents.,Public Safety,Banjara Hills,17.418685,78.438603,Public Safety Department,6,6,9,3,1,54,Medium,Resolved,CL-345,4,0.85,Concerned,9,Inspect hazardous location,13.2,No
GRV-1657,2026-07-18T21:22:00,Mobile App,Water pipeline near Kondapur appears damaged and residents have no supply.,Water Supply,Kondapur,17.460422,78.362722,Water Supply Department,3,9,5,7,6,56,Medium,New,CL-306,6,0.73,Concerned,21,Inspect local pipeline/network,,No
GRV-1658,2026-08-16T17:42:00,Mobile App,Drain is blocked near Madhapur and water is accumulating.,Drainage,Madhapur,17.451276,78.394912,Storm Water & Drainage Department,8,5,6,5,7,64,Medium,Escalated,CL-208,5,0.37,Concerned,20,Dispatch drainage crew,,No
GRV-1659,2026-08-06T04:54:00,Call Center,An unsafe public area near Charminar has recurring incidents.,Public Safety,Charminar,17.363353,78.475119,Public Safety Department,6,6,2,7,5,52,Medium,Assigned,CL-441,6,0.53,Frustrated,8,Initiate immediate risk mitigation,,No
GRV-1660,2026-07-18T02:09:00,Web,Overflowing garbage bins are causing a hygiene issue.,Sanitation,Madhapur,17.450192,78.390229,Sanitation Department,3,3,4,8,2,38,Low,Resolved,CL-202,2,0.39,Urgent,48,Dispatch sanitation crew,56.5,No
GRV-1661,2026-07-15T11:27:00,Web,A large pothole has formed near Banjara Hills and is dangerous for vehicles. A high-footfall public area may be affected.,Roads,Banjara Hills,17.414695,78.435704,GHMC Roads Department,3,8,4,3,2,40,Low,Escalated,CL-159,0,0.4,Urgent,62,Barricade hazardous section,,No
GRV-1662,2026-07-22T20:12:00,Mobile App,A damaged electric pole is creating a safety concern. A pregnant resident may be affected.,Electricity,Madhapur,17.4499,78.393123,Electricity Distribution Department,8,7,2,9,8,68,Medium,New,CL-449,0,0.62,Urgent,10,Dispatch line inspection team,,No
GRV-1663,2026-07-30T01:47:00,Call Center,The road near Miyapur has been damaged for 7 days. A hospital nearby may be affected.,Roads,Miyapur,17.495152,78.35429,GHMC Roads Department,9,7,6,9,7,77,High,In Progress,CL-447,2,0.47,Concerned,27,Dispatch road inspection team,,No
GRV-1664,2026-08-14T02:43:00,Walk-in,Residents on our street are facing repeated water outages.,Water Supply,Gachibowli,17.438965,78.351388,Water Supply Department,6,3,9,2,2,48,Low,In Progress,CL-281,2,0.67,Concerned,8,Inspect local pipeline/network,,No
GRV-1665,2026-08-01T12:29:00,Walk-in,We are facing repeated power cuts in Kondapur. A senior citizens may be affected.,Electricity,Kondapur,17.460857,78.360896,Electricity Distribution Department,3,8,7,5,8,58,Medium,In Progress,CL-163,6,0.53,Frustrated,16,Inspect transformer/feed line,,No
GRV-1666,2026-08-04T11:09:00,Walk-in,Garbage has not been collected in Kukatpally for 4 days. A residential community may be affected.,Sanitation,Kukatpally,17.482167,78.416438,Sanitation Department,9,8,4,3,3,60,Medium,Assigned,CL-120,3,0.4,Urgent,29,Inspect waste accumulation point,,No
GRV-1667,2026-07-29T03:45:00,Social Media,There is an open road crack/pothole near a school in Miyapur. A residential community may be affected.,Roads,Miyapur,17.500447,78.359429,GHMC Roads Department,9,4,9,7,1,65,Medium,In Progress,CL-163,0,0.87,Concerned,42,Escalate to local engineering officer,,No
GRV-1668,2026-08-15T06:23:00,Web,Transformer near Gachibowli appears overloaded and outages are frequent.,Electricity,Gachibowli,17.439677,78.348236,Electricity Distribution Department,8,7,8,6,2,66,Medium,Resolved,CL-216,2,0.64,Urgent,24,Inspect transformer/feed line,14.6,No
GRV-1669,2026-08-11T07:36:00,Mobile App,Our street has repeated missed waste collection complaints.,Sanitation,Dilsukhnagar,17.368709,78.524458,Sanitation Department,7,5,7,7,4,62,Medium,Escalated,CL-408,6,0.87,Urgent,26,Dispatch sanitation crew,,No
GRV-1670,2026-07-23T13:50:00,Web,Uncollected waste is creating foul smell and health concerns. A school nearby may be affected.,Sanitation,Secunderabad,17.43969,78.496087,Sanitation Department,7,6,9,6,5,68,Medium,Escalated,CL-399,6,0.59,Negative,29,Dispatch sanitation crew,,No
GRV-1671,2026-08-15T17:56:00,Walk-in,Overflowing garbage bins are causing a hygiene issue.,Sanitation,Madhapur,17.447684,78.394049,Sanitation Department,6,5,5,8,4,56,Medium,In Progress,CL-263,0,0.51,Negative,24,Dispatch sanitation crew,,No
GRV-1672,2026-08-03T09:40:00,Call Center,Garbage has not been collected in Madhapur for 2 days. A elderly resident may be affected.,Sanitation,Madhapur,17.445162,78.389688,Sanitation Department,8,9,8,9,2,74,High,In Progress,CL-394,1,0.6,Concerned,36,Inspect waste accumulation point,,No
GRV-1673,2026-08-15T01:24:00,Walk-in,Repeated complaints about the damaged road have not been resolved. A child may be affected.,Roads,Secunderabad,17.437324,78.499205,GHMC Roads Department,3,3,2,9,6,42,Low,New,CL-282,2,0.55,Frustrated,47,Dispatch road inspection team,,No
GRV-1674,2026-07-21T19:06:00,Call Center,Residents are reporting a recurring public safety concern. A elderly resident may be affected.,Public Safety,Gachibowli,17.443879,78.347605,Public Safety Department,8,8,4,9,8,74,High,New,CL-223,1,0.85,Negative,10,Initiate immediate risk mitigation,,No
GRV-1675,2026-08-16T21:58:00,Social Media,Uncollected waste is creating foul smell and health concerns. A hospital nearby may be affected.,Sanitation,Banjara Hills,17.411794,78.435843,Sanitation Department,9,6,4,9,2,64,Medium,New,CL-164,0,0.59,Urgent,28,Increase collection frequency,,No
GRV-1676,2026-07-27T16:31:00,Web,We are facing repeated power cuts in Gachibowli.,Electricity,Gachibowli,17.436421,78.349617,Electricity Distribution Department,4,7,7,4,7,56,Medium,Escalated,CL-340,6,0.36,Frustrated,2,Inspect transformer/feed line,,No
GRV-1677,2026-08-16T02:39:00,Mobile App,A large pothole has formed near Banjara Hills and is dangerous for vehicles. A senior citizens may be affected.,Roads,Banjara Hills,17.418279,78.436733,GHMC Roads Department,5,7,4,5,4,50,Medium,Assigned,CL-299,5,0.64,Urgent,30,Schedule pothole repair,,No
GRV-1678,2026-07-31T20:51:00,Social Media,Garbage has not been collected in Jubilee Hills for 3 days.,Sanitation,Jubilee Hills,17.434486,78.405489,Sanitation Department,6,3,9,6,7,62,Medium,Escalated,CL-251,0,0.45,Urgent,18,Increase collection frequency,,No
GRV-1679,2026-07-23T01:55:00,Call Center,Heavy rain has caused waterlogging in Kukatpally. A senior citizens may be affected.,Drainage,Kukatpally,17.484563,78.412926,Storm Water & Drainage Department,9,5,5,6,1,58,Medium,New,CL-299,6,0.36,Concerned,16,Clear blocked drain,,No
GRV-1680,2026-07-28T06:28:00,Web,Power has been out in our area for 9 hours. A high-footfall public area may be affected.,Electricity,Secunderabad,17.438844,78.499466,Electricity Distribution Department,3,9,2,6,1,42,Low,Escalated,CL-224,0,0.86,Negative,14,Initiate emergency restoration,,No
GRV-1681,2026-07-24T01:07:00,Walk-in,A broken streetlight is creating a safety risk at night. A pregnant resident may be affected.,Public Safety,Gachibowli,17.437497,78.345801,Public Safety Department,3,3,6,9,3,45,Low,Escalated,CL-207,6,0.6,Concerned,12,Escalate to local safety officer,,No
GRV-1682,2026-07-16T22:31:00,Web,Power interruption has affected homes and local shops. A residential community may be affected.,Electricity,Uppal,17.402253,78.564475,Electricity Distribution Department,8,8,4,3,2,56,Medium,Resolved,CL-347,0,0.72,Frustrated,15,Escalate outage to field engineer,10.5,No
GRV-1683,2026-08-08T08:53:00,Mobile App,A broken streetlight is creating a safety risk at night.,Public Safety,Gachibowli,17.441825,78.35084,Public Safety Department,9,4,5,7,8,68,Medium,In Progress,CL-402,0,0.89,Negative,8,Inspect hazardous location,,No
GRV-1684,2026-08-01T11:23:00,Walk-in,Uncollected waste is creating foul smell and health concerns. A child may be affected.,Sanitation,Banjara Hills,17.417006,78.433963,Sanitation Department,8,5,4,9,6,64,Medium,Resolved,CL-148,4,0.57,Concerned,41,Escalate to sanitation supervisor,47.7,No
GRV-1685,2026-08-11T07:53:00,Mobile App,Our apartment has not received drinking water for 2 days.,Water Supply,Kukatpally,17.487497,78.412971,Water Supply Department,6,9,4,2,6,56,Medium,Resolved,CL-402,4,0.67,Urgent,11,Initiate emergency tanker support,10.3,No
GRV-1686,2026-08-15T13:53:00,Walk-in,Residents on our street are facing repeated water outages. A elderly resident may be affected.,Water Supply,Kukatpally,17.482653,78.412609,Water Supply Department,7,8,4,9,4,64,Medium,In Progress,CL-368,2,0.61,Concerned,17,Initiate emergency tanker support,,No
GRV-1687,2026-08-13T23:19:00,Web,An unsafe public area near Madhapur has recurring incidents.,Public Safety,Madhapur,17.451912,78.389028,Public Safety Department,9,4,2,8,2,54,Medium,Resolved,CL-129,0,0.43,Frustrated,5,Dispatch safety inspection team,3.7,No
GRV-1688,2026-07-28T03:21:00,Social Media,No water supply in our locality for 2 days. A elderly resident may be affected.,Water Supply,HITEC City,17.446856,78.378282,Water Supply Department,6,3,8,9,6,62,Medium,Assigned,CL-358,4,0.36,Frustrated,18,Dispatch field inspection team,,No
GRV-1689,2026-07-30T07:43:00,Web,A damaged electric pole is leaning dangerously near homes. A elderly resident may be affected.,Public Safety,Secunderabad,17.439699,78.49865,Public Safety Department,8,6,8,9,2,68,Medium,Resolved,CL-394,4,0.72,Frustrated,9,Dispatch safety inspection team,6.4,No
GRV-1690,2026-07-19T09:00:00,Web,A broken road section is causing traffic problems near Secunderabad. A person with disability may be affected.,Roads,Secunderabad,17.443384,78.497855,GHMC Roads Department,6,3,7,9,5,59,Medium,New,CL-399,3,0.47,Frustrated,55,Barricade hazardous section,,No
GRV-1691,2026-07-27T17:38:00,Web,Transformer near Kondapur appears overloaded and outages are frequent. A senior citizens may be affected.,Electricity,Kondapur,17.459093,78.36459,Electricity Distribution Department,8,7,9,3,8,72,High,Assigned,CL-447,0,0.81,Concerned,12,Dispatch line inspection team,,No
GRV-1692,2026-07-20T23:47:00,Walk-in,Power has been out in our area for 14 hours. A school nearby may be affected.,Electricity,Kukatpally,17.481064,78.414001,Electricity Distribution Department,4,5,9,3,8,56,Medium,In Progress,CL-293,1,0.4,Negative,21,Escalate outage to field engineer,,No
GRV-1693,2026-07-30T14:30:00,Mobile App,A broken streetlight is creating a safety risk at night. A pregnant resident may be affected.,Public Safety,Charminar,17.358568,78.471996,Public Safety Department,7,8,8,9,2,70,High,In Progress,CL-114,5,0.4,Negative,8,Escalate to local safety officer,,No
GRV-1694,2026-07-23T23:09:00,Call Center,Residents are reporting a recurring public safety concern. A pregnant resident may be affected.,Public Safety,Banjara Hills,17.41208,78.437005,Public Safety Department,3,9,4,9,7,59,Medium,New,CL-202,1,0.65,Negative,6,Dispatch safety inspection team,,No
GRV-1695,2026-08-04T17:30:00,Social Media,Drain is blocked near Dilsukhnagar and water is accumulating. A school nearby may be affected.,Drainage,Dilsukhnagar,17.37167,78.521267,Storm Water & Drainage Department,9,4,7,3,8,66,Medium,New,CL-362,3,0.45,Urgent,12,Clear blocked drain,,No
GRV-1696,2026-07-17T21:48:00,Web,Drain is blocked near Kondapur and water is accumulating. A senior citizens may be affected.,Drainage,Kondapur,17.459041,78.366512,Storm Water & Drainage Department,4,8,8,8,6,65,Medium,New,CL-301,3,0.8,Urgent,19,Inspect storm-water line,,No
GRV-1697,2026-08-05T13:49:00,Web,A damaged electric pole is creating a safety concern. A high-footfall public area may be affected.,Electricity,Secunderabad,17.440393,78.499936,Electricity Distribution Department,9,7,8,7,3,72,High,Assigned,CL-129,2,0.67,Urgent,4,Inspect transformer/feed line,,No
GRV-1698,2026-08-06T03:31:00,Social Media,A damaged electric pole is leaning dangerously near homes. A residential community may be affected.,Public Safety,Madhapur,17.449095,78.393787,Public Safety Department,9,5,6,8,6,70,High,Resolved,CL-343,3,0.81,Concerned,8,Escalate to local safety officer,10.4,No
GRV-1699,2026-08-06T05:14:00,Mobile App,Transformer near Kondapur appears overloaded and outages are frequent. A local shops may be affected.,Electricity,Kondapur,17.460288,78.363151,Electricity Distribution Department,7,8,3,4,5,56,Medium,Resolved,CL-112,4,0.82,Concerned,12,Escalate outage to field engineer,7.2,No
GRV-1700,2026-08-14T17:34:00,Social Media,Water is entering homes due to drainage blockage. A hospital nearby may be affected.,Drainage,Dilsukhnagar,17.366187,78.526497,Storm Water & Drainage Department,8,4,4,9,5,61,Medium,Assigned,CL-348,2,0.72,Urgent,23,Inspect storm-water line,,No
GRV-1701,2026-08-03T22:34:00,Web,An unsafe public area near Banjara Hills has recurring incidents.,Public Safety,Banjara Hills,17.419332,78.437205,Public Safety Department,9,6,7,3,7,68,Medium,New,CL-264,4,0.74,Frustrated,7,Initiate immediate risk mitigation,,No
GRV-1702,2026-08-11T03:31:00,Mobile App,Water pipeline near Madhapur appears damaged and residents have no supply. A residential community may be affected.,Water Supply,Madhapur,17.445749,78.390391,Water Supply Department,7,7,6,6,7,66,Medium,In Progress,CL-230,3,0.49,Urgent,9,Dispatch field inspection team,,No
GRV-1703,2026-08-10T23:46:00,Mobile App,Water pressure has been very low in Madhapur since 1 days.,Water Supply,Madhapur,17.449246,78.392065,Water Supply Department,8,8,8,3,1,62,Medium,Assigned,CL-136,2,0.36,Negative,14,Inspect local pipeline/network,,No
GRV-1704,2026-07-22T04:05:00,Walk-in,Water is entering homes due to drainage blockage. A senior citizens may be affected.,Drainage,Kukatpally,17.481897,78.41177,Storm Water & Drainage Department,9,4,4,8,7,66,Medium,Escalated,CL-269,0,0.64,Urgent,24,Escalate flooding risk to engineering team,,No
GRV-1705,2026-07-31T19:28:00,Walk-in,The road near Miyapur has been damaged for 5 days.,Roads,Miyapur,17.49644,78.358913,GHMC Roads Department,5,3,2,3,5,37,Low,New,CL-304,4,0.66,Frustrated,25,Escalate to local engineering officer,,No
GRV-1706,2026-08-03T04:38:00,Walk-in,Heavy rain has caused waterlogging in Mehdipatnam.,Drainage,Mehdipatnam,17.393547,78.449232,Storm Water & Drainage Department,6,6,7,4,1,52,Medium,Assigned,CL-353,3,0.62,Frustrated,12,Clear blocked drain,,No
GRV-1707,2026-07-16T06:24:00,Walk-in,Overflowing garbage bins are causing a hygiene issue.,Sanitation,Madhapur,17.450093,78.394774,Sanitation Department,6,7,9,2,4,59,Medium,Assigned,CL-325,6,0.59,Negative,48,Dispatch sanitation crew,,No
GRV-1708,2026-07-30T21:03:00,Social Media,Transformer near Kondapur appears overloaded and outages are frequent.,Electricity,Kondapur,17.463063,78.361101,Electricity Distribution Department,5,6,4,3,4,46,Low,New,CL-223,3,0.81,Urgent,9,Dispatch line inspection team,,No
GRV-1709,2026-07-25T05:55:00,Mobile App,Heavy rain has caused waterlogging in Kukatpally.,Drainage,Kukatpally,17.483206,78.413562,Storm Water & Drainage Department,5,9,4,3,7,56,Medium,In Progress,CL-400,0,0.44,Concerned,8,Escalate flooding risk to engineering team,,No
GRV-1710,2026-08-16T19:23:00,Mobile App,Repeated complaints about the damaged road have not been resolved.,Roads,Miyapur,17.499195,78.355604,GHMC Roads Department,3,9,3,4,3,44,Low,New,CL-247,4,0.77,Negative,58,Barricade hazardous section,,No
GRV-1711,2026-07-31T00:36:00,Web,Garbage has not been collected in Secunderabad for 5 days. A hospital nearby may be affected.,Sanitation,Secunderabad,17.441607,78.495597,Sanitation Department,4,3,9,9,3,54,Medium,In Progress,CL-381,4,0.48,Urgent,29,Dispatch sanitation crew,,No
GRV-1712,2026-07-30T10:50:00,Call Center,Water pipeline near Gachibowli appears damaged and residents have no supply. A local shops may be affected.,Water Supply,Gachibowli,17.440288,78.348161,Water Supply Department,6,8,8,6,7,70,High,Escalated,CL-392,4,0.87,Frustrated,24,Initiate emergency tanker support,,No
GRV-1713,2026-07-23T19:48:00,Mobile App,A broken road section is causing traffic problems near Kukatpally. A child may be affected.,Roads,Kukatpally,17.4845,78.414523,GHMC Roads Department,6,6,8,9,5,67,Medium,New,CL-392,3,0.36,Concerned,13,Barricade hazardous section,,No
GRV-1714,2026-08-04T02:08:00,Web,A broken streetlight is creating a safety risk at night.,Public Safety,Gachibowli,17.438463,78.345325,Public Safety Department,6,5,9,5,8,66,Medium,Resolved,CL-151,1,0.55,Frustrated,8,Initiate immediate risk mitigation,4.5,No
GRV-1715,2026-07-28T13:59:00,Social Media,Transformer near Kukatpally appears overloaded and outages are frequent.,Electricity,Kukatpally,17.483057,78.409997,Electricity Distribution Department,7,6,2,8,8,61,Medium,New,CL-237,1,0.54,Negative,18,Inspect transformer/feed line,,No
GRV-1716,2026-08-06T09:37:00,Web,There is a hazardous open section near a school. A school nearby may be affected.,Public Safety,Charminar,17.362931,78.475084,Public Safety Department,7,6,7,6,6,65,Medium,Resolved,CL-331,6,0.55,Concerned,3,Dispatch safety inspection team,3.9,No
GRV-1717,2026-07-17T05:19:00,Mobile App,A broken road section is causing traffic problems near Gachibowli. A child may be affected.,Roads,Gachibowli,17.439515,78.349445,GHMC Roads Department,9,4,3,9,7,65,Medium,Resolved,CL-306,0,0.56,Concerned,12,Barricade hazardous section,5.1,No
GRV-1718,2026-08-03T22:51:00,Walk-in,Our apartment has not received drinking water for 7 days.,Water Supply,Madhapur,17.451945,78.389565,Water Supply Department,9,3,5,5,3,55,Medium,In Progress,CL-417,5,0.41,Frustrated,16,Inspect local pipeline/network,,No
GRV-1719,2026-08-06T01:19:00,Social Media,Residents are reporting a recurring public safety concern. A local shops may be affected.,Public Safety,Kukatpally,17.483303,78.416705,Public Safety Department,5,9,5,3,1,49,Low,Resolved,CL-142,2,0.61,Frustrated,9,Dispatch safety inspection team,13.4,No
GRV-1720,2026-07-18T19:15:00,Web,The road near Banjara Hills has been damaged for 7 days. A residential community may be affected.,Roads,Banjara Hills,17.4178,78.438109,GHMC Roads Department,4,3,7,5,7,50,Medium,In Progress,CL-369,2,0.66,Frustrated,22,Dispatch road inspection team,,No
GRV-1721,2026-08-01T05:37:00,Mobile App,A damaged electric pole is creating a safety concern.,Electricity,Secunderabad,17.440785,78.495619,Electricity Distribution Department,5,5,3,4,4,43,Low,Assigned,CL-273,3,0.82,Frustrated,8,Inspect transformer/feed line,,No
GRV-1722,2026-08-18T04:51:00,Mobile App,Drain is blocked near Kukatpally and water is accumulating. A elderly resident may be affected.,Drainage,Kukatpally,17.483231,78.416549,Storm Water & Drainage Department,9,8,2,9,3,65,Medium,Resolved,CL-149,0,0.62,Frustrated,10,Inspect storm-water line,2.0,No
GRV-1723,2026-08-05T06:06:00,Web,A damaged electric pole is leaning dangerously near homes. A school nearby may be affected.,Public Safety,Charminar,17.364254,78.472976,Public Safety Department,3,7,3,2,1,34,Low,In Progress,CL-334,3,0.78,Urgent,6,Dispatch safety inspection team,,No
GRV-1724,2026-08-04T12:51:00,Walk-in,Power has been out in our area for 18 hours. A residential community may be affected.,Electricity,Uppal,17.400344,78.564244,Electricity Distribution Department,4,8,6,2,7,54,Medium,Assigned,CL-275,5,0.71,Concerned,16,Escalate outage to field engineer,,No
GRV-1725,2026-07-20T17:09:00,Social Media,An unsafe public area near Gachibowli has recurring incidents.,Public Safety,Gachibowli,17.438014,78.348753,Public Safety Department,3,3,2,6,2,31,Low,Assigned,CL-281,3,0.41,Urgent,3,Initiate immediate risk mitigation,,No
GRV-1726,2026-08-18T14:16:00,Walk-in,Water pipeline near Manikonda appears damaged and residents have no supply.,Water Supply,Manikonda,17.40727,78.379901,Water Supply Department,5,4,8,3,6,52,Medium,New,CL-368,6,0.38,Negative,18,Initiate emergency tanker support,,No
GRV-1727,2026-07-21T15:02:00,Call Center,Repeated complaints about the damaged road have not been resolved.,Roads,Madhapur,17.451558,78.393266,GHMC Roads Department,4,3,4,4,7,42,Low,New,CL-326,2,0.61,Negative,68,Escalate to local engineering officer,,No
GRV-1728,2026-08-12T10:54:00,Social Media,Residents on our street are facing repeated water outages. A hospital nearby may be affected.,Water Supply,Madhapur,17.4492,78.392398,Water Supply Department,3,3,9,9,4,52,Medium,Assigned,CL-335,5,0.43,Urgent,22,Initiate emergency tanker support,,No
GRV-1729,2026-07-18T00:30:00,Call Center,Residents are reporting a recurring public safety concern.,Public Safety,Madhapur,17.450978,78.389283,Public Safety Department,6,3,6,4,1,44,Low,Resolved,CL-259,6,0.67,Frustrated,8,Inspect hazardous location,11.1,No
GRV-1730,2026-07-25T12:25:00,Call Center,Uncollected waste is creating foul smell and health concerns. A person with disability may be affected.,Sanitation,Dilsukhnagar,17.369082,78.527896,Sanitation Department,5,3,5,9,1,46,Low,Assigned,CL-405,3,0.86,Urgent,12,Escalate to sanitation supervisor,,No
GRV-1731,2026-08-08T06:46:00,Walk-in,Water pipeline near Kukatpally appears damaged and residents have no supply.,Water Supply,Kukatpally,17.481537,78.414975,Water Supply Department,4,7,6,8,2,53,Medium,New,CL-203,3,0.85,Urgent,16,Initiate emergency tanker support,,No
GRV-1732,2026-07-19T11:48:00,Web,Water pressure has been very low in Madhapur since 6 days.,Water Supply,Madhapur,17.44491,78.388745,Water Supply Department,8,5,8,3,7,65,Medium,Assigned,CL-340,2,0.74,Urgent,15,Dispatch field inspection team,,No
GRV-1733,2026-07-27T04:50:00,Mobile App,Water pressure has been very low in Kondapur since 7 days. A child may be affected.,Water Supply,Kondapur,17.460603,78.362214,Water Supply Department,6,5,3,9,8,60,Medium,Assigned,CL-109,4,0.61,Negative,8,Inspect local pipeline/network,,No
GRV-1734,2026-08-18T03:48:00,Walk-in,An unsafe public area near Madhapur has recurring incidents. A school nearby may be affected.,Public Safety,Madhapur,17.445999,78.389021,Public Safety Department,7,9,5,5,6,66,Medium,New,CL-407,3,0.53,Negative,8,Initiate immediate risk mitigation,,No
GRV-1735,2026-08-03T15:12:00,Call Center,Blocked drainage is creating a severe sanitation problem. A senior citizens may be affected.,Drainage,Dilsukhnagar,17.36999,78.524024,Storm Water & Drainage Department,6,6,7,7,6,64,Medium,In Progress,CL-109,0,0.84,Urgent,6,Dispatch drainage crew,,No
GRV-1736,2026-07-16T17:50:00,Call Center,Uncollected waste is creating foul smell and health concerns. A local shops may be affected.,Sanitation,Kukatpally,17.481212,78.410653,Sanitation Department,9,3,4,5,8,60,Medium,New,CL-308,6,0.41,Concerned,32,Inspect waste accumulation point,,No
GRV-1737,2026-07-28T03:26:00,Web,An unsafe public area near Banjara Hills has recurring incidents. A pregnant resident may be affected.,Public Safety,Banjara Hills,17.418556,78.438151,Public Safety Department,9,6,3,9,6,68,Medium,New,CL-247,5,0.62,Negative,2,Dispatch safety inspection team,,No
GRV-1738,2026-08-16T18:35:00,Social Media,Overflowing garbage bins are causing a hygiene issue.,Sanitation,Banjara Hills,17.418562,78.435069,Sanitation Department,4,7,5,6,2,48,Low,Resolved,CL-439,2,0.38,Urgent,46,Inspect waste accumulation point,7.3,No
GRV-1739,2026-07-15T12:06:00,Social Media,No water supply in our locality for 3 days.,Water Supply,Gachibowli,17.436955,78.34617,Water Supply Department,5,8,2,3,2,42,Low,New,CL-303,4,0.86,Negative,21,Escalate to Zone Water Officer,,No
GRV-1740,2026-07-26T23:36:00,Walk-in,No water supply in our locality for 2 days. A residential community may be affected.,Water Supply,HITEC City,17.441188,78.378535,Water Supply Department,8,8,4,3,4,58,Medium,In Progress,CL-122,4,0.35,Frustrated,12,Escalate to Zone Water Officer,,No
GRV-1741,2026-08-11T23:38:00,Social Media,Water is entering homes due to drainage blockage. A hospital nearby may be affected.,Drainage,Kukatpally,17.482429,78.411823,Storm Water & Drainage Department,7,5,6,9,4,62,Medium,New,CL-145,2,0.73,Negative,21,Clear blocked drain,,No
GRV-1742,2026-07-27T03:07:00,Web,Heavy rain has caused waterlogging in Kondapur.,Drainage,Kondapur,17.46414,78.36081,Storm Water & Drainage Department,4,4,2,7,2,38,Low,New,CL-116,1,0.42,Frustrated,24,Dispatch drainage crew,,No
GRV-1743,2026-08-11T10:09:00,Mobile App,Garbage has not been collected in Jubilee Hills for 2 days.,Sanitation,Jubilee Hills,17.432519,78.410693,Sanitation Department,5,6,8,7,5,61,Medium,Assigned,CL-158,6,0.71,Frustrated,25,Escalate to sanitation supervisor,,No
GRV-1744,2026-07-21T08:18:00,Social Media,Water pressure has been very low in HITEC City since 4 days. A elderly resident may be affected.,Water Supply,HITEC City,17.440022,78.376835,Water Supply Department,9,3,9,9,5,72,High,New,CL-321,2,0.57,Urgent,14,Inspect local pipeline/network,,No
GRV-1745,2026-08-11T20:31:00,Mobile App,There is a hazardous open section near a school.,Public Safety,Banjara Hills,17.412479,78.43647,Public Safety Department,5,4,9,3,8,58,Medium,New,CL-330,1,0.36,Urgent,8,Inspect hazardous location,,No
GRV-1746,2026-08-12T20:59:00,Mobile App,A damaged electric pole is leaning dangerously near homes.,Public Safety,Madhapur,17.44932,78.39532,Public Safety Department,3,3,3,3,5,33,Low,Resolved,CL-435,6,0.79,Concerned,10,Dispatch safety inspection team,9.5,No
GRV-1747,2026-07-26T22:37:00,Social Media,Repeated complaints about the damaged road have not been resolved. A school nearby may be affected.,Roads,Kukatpally,17.485422,78.412655,GHMC Roads Department,6,4,4,2,5,44,Low,In Progress,CL-445,6,0.49,Frustrated,24,Escalate to local engineering officer,,No
GRV-1748,2026-07-16T00:44:00,Walk-in,Power has been out in our area for 12 hours.,Electricity,Uppal,17.403932,78.55844,Electricity Distribution Department,5,6,5,6,6,55,Medium,New,CL-259,4,0.47,Frustrated,4,Initiate emergency restoration,,No
GRV-1749,2026-08-01T18:07:00,Mobile App,Heavy rain has caused waterlogging in Dilsukhnagar. A person with disability may be affected.,Drainage,Dilsukhnagar,17.365548,78.528089,Storm Water & Drainage Department,4,4,7,9,2,50,Medium,In Progress,CL-428,4,0.49,Negative,14,Dispatch drainage crew,,No
GRV-1750,2026-07-19T14:05:00,Web,Our apartment has not received drinking water for 1 days. A local shops may be affected.,Water Supply,HITEC City,17.442917,78.375992,Water Supply Department,8,9,2,8,8,70,High,In Progress,CL-271,2,0.78,Urgent,22,Inspect local pipeline/network,,No
GRV-1751,2026-07-22T23:12:00,Walk-in,Power interruption has affected homes and local shops. A elderly resident may be affected.,Electricity,Uppal,17.398805,78.557876,Electricity Distribution Department,5,4,4,9,3,49,Low,New,CL-215,5,0.75,Urgent,8,Dispatch line inspection team,,No
GRV-1752,2026-07-16T19:34:00,Web,There is a hazardous open section near a school. A child may be affected.,Public Safety,Kukatpally,17.487015,78.411494,Public Safety Department,3,9,4,9,8,60,Medium,Escalated,CL-227,2,0.35,Frustrated,4,Escalate to local safety officer,,No
GRV-1753,2026-07-22T16:39:00,Mobile App,Transformer near Gachibowli appears overloaded and outages are frequent.,Electricity,Gachibowli,17.44351,78.351286,Electricity Distribution Department,8,7,7,5,3,64,Medium,Assigned,CL-156,3,0.86,Urgent,16,Dispatch line inspection team,,No
GRV-1754,2026-08-12T01:37:00,Social Media,A large pothole has formed near Gachibowli and is dangerous for vehicles.,Roads,Gachibowli,17.437538,78.351906,GHMC Roads Department,3,9,4,2,4,44,Low,Escalated,CL-138,3,0.65,Negative,57,Barricade hazardous section,,No
GRV-1755,2026-07-24T02:08:00,Mobile App,A broken road section is causing traffic problems near Kukatpally. A local shops may be affected.,Roads,Kukatpally,17.485899,78.410371,GHMC Roads Department,3,5,6,4,3,42,Low,Resolved,CL-110,3,0.37,Urgent,63,Dispatch road inspection team,66.6,No
GRV-1756,2026-08-16T15:47:00,Mobile App,A damaged electric pole is leaning dangerously near homes. A elderly resident may be affected.,Public Safety,Gachibowli,17.439946,78.351343,Public Safety Department,9,3,2,9,1,52,Medium,In Progress,CL-159,1,0.4,Negative,12,Initiate immediate risk mitigation,,No
GRV-1757,2026-08-07T14:52:00,Call Center,Heavy rain has caused waterlogging in Dilsukhnagar.,Drainage,Dilsukhnagar,17.368729,78.527982,Storm Water & Drainage Department,5,6,3,8,5,52,Medium,In Progress,CL-322,0,0.49,Concerned,10,Dispatch drainage crew,,No
GRV-1758,2026-07-15T10:42:00,Call Center,A broken road section is causing traffic problems near Miyapur. A hospital nearby may be affected.,Roads,Miyapur,17.498691,78.355201,GHMC Roads Department,3,7,8,9,8,64,Medium,Resolved,CL-222,0,0.37,Negative,28,Barricade hazardous section,17.1,No
GRV-1759,2026-08-17T19:36:00,Walk-in,We are facing repeated power cuts in Secunderabad.,Electricity,Secunderabad,17.436324,78.495963,Electricity Distribution Department,7,4,7,4,1,50,Medium,Escalated,CL-210,1,0.52,Concerned,14,Initiate emergency restoration,,No
GRV-1760,2026-07-20T13:55:00,Social Media,Drain is blocked near Begumpet and water is accumulating.,Drainage,Begumpet,17.446622,78.469508,Storm Water & Drainage Department,9,8,4,3,2,58,Medium,Assigned,CL-427,0,0.49,Negative,18,Inspect storm-water line,,No
GRV-1761,2026-07-21T22:43:00,Call Center,Residents are reporting a recurring public safety concern.,Public Safety,Kukatpally,17.486708,78.413974,Public Safety Department,6,4,5,5,4,50,Medium,New,CL-373,1,0.57,Negative,3,Inspect hazardous location,,No
GRV-1762,2026-07-18T20:29:00,Mobile App,A damaged electric pole is creating a safety concern.,Electricity,Kondapur,17.460337,78.366702,Electricity Distribution Department,4,5,8,3,2,46,Low,Resolved,CL-299,2,0.87,Concerned,3,Escalate outage to field engineer,2.7,No
GRV-1763,2026-08-01T21:50:00,Social Media,Our apartment has not received drinking water for 7 days. A school nearby may be affected.,Water Supply,Kondapur,17.46483,78.36088,Water Supply Department,8,4,6,3,1,50,Medium,Resolved,CL-335,2,0.6,Negative,14,Escalate to Zone Water Officer,11.7,No
GRV-1764,2026-07-16T22:18:00,Mobile App,Residents are reporting a recurring public safety concern. A child may be affected.,Public Safety,Madhapur,17.445937,78.389229,Public Safety Department,5,5,4,9,8,58,Medium,In Progress,CL-274,2,0.71,Negative,12,Inspect hazardous location,,No
GRV-1765,2026-08-03T17:33:00,Web,A large pothole has formed near Banjara Hills and is dangerous for vehicles. A hospital nearby may be affected.,Roads,Banjara Hills,17.416452,78.432289,GHMC Roads Department,4,9,4,9,2,54,Medium,Escalated,CL-339,4,0.4,Negative,41,Dispatch road inspection team,,No
GRV-1766,2026-08-16T08:39:00,Web,An unsafe public area near Kukatpally has recurring incidents. A hospital nearby may be affected.,Public Safety,Kukatpally,17.484594,78.413805,Public Safety Department,5,4,2,9,7,51,Medium,In Progress,CL-299,0,0.74,Negative,10,Initiate immediate risk mitigation,,No
GRV-1767,2026-08-09T19:33:00,Walk-in,Heavy rain has caused waterlogging in Dilsukhnagar.,Drainage,Dilsukhnagar,17.366911,78.522969,Storm Water & Drainage Department,9,3,3,4,7,56,Medium,New,CL-320,6,0.65,Negative,6,Dispatch drainage crew,,No
GRV-1768,2026-08-18T19:07:00,Social Media,There is a hazardous open section near a school. A hospital nearby may be affected.,Public Safety,Secunderabad,17.438238,78.496151,Public Safety Department,9,5,4,9,1,60,Medium,In Progress,CL-227,0,0.52,Negative,10,Initiate immediate risk mitigation,,No
GRV-1769,2026-07-29T15:21:00,Web,Waste is piling up near residential buildings in Banjara Hills. A child may be affected.,Sanitation,Banjara Hills,17.417163,78.437558,Sanitation Department,8,4,5,9,3,60,Medium,New,CL-118,2,0.48,Negative,38,Inspect waste accumulation point,,No
GRV-1770,2026-08-16T01:02:00,Mobile App,A broken road section is causing traffic problems near Banjara Hills.,Roads,Banjara Hills,17.415012,78.437472,GHMC Roads Department,9,9,7,3,8,76,High,Escalated,CL-153,6,0.58,Frustrated,45,Dispatch road inspection team,,No
GRV-1771,2026-07-24T09:06:00,Call Center,There is an open road crack/pothole near a school in Kukatpally.,Roads,Kukatpally,17.483746,78.416339,GHMC Roads Department,3,9,2,5,3,43,Low,New,CL-127,5,0.39,Frustrated,72,Barricade hazardous section,,No
GRV-1772,2026-07-20T06:15:00,Mobile App,A damaged electric pole is creating a safety concern.,Electricity,Uppal,17.399741,78.558699,Electricity Distribution Department,8,4,5,6,5,58,Medium,Resolved,CL-314,0,0.75,Concerned,11,Inspect transformer/feed line,2.1,No
GRV-1773,2026-08-09T02:45:00,Web,Power interruption has affected homes and local shops.,Electricity,Gachibowli,17.441817,78.348525,Electricity Distribution Department,3,3,7,5,1,38,Low,Resolved,CL-128,4,0.62,Negative,4,Escalate outage to field engineer,3.1,No
GRV-1774,2026-07-21T12:34:00,Mobile App,Water is entering homes due to drainage blockage. A senior citizens may be affected.,Drainage,Kondapur,17.458675,78.365223,Storm Water & Drainage Department,6,9,6,8,8,72,High,In Progress,CL-345,2,0.83,Negative,17,Inspect storm-water line,,No
GRV-1775,2026-07-17T16:26:00,Walk-in,Water pressure has been very low in Kukatpally since 5 days.,Water Supply,Kukatpally,17.48701,78.417579,Water Supply Department,3,4,5,4,3,38,Low,Resolved,CL-230,4,0.57,Frustrated,6,Dispatch field inspection team,5.3,No
GRV-1776,2026-07-21T05:42:00,Web,A damaged electric pole is leaning dangerously near homes. A senior citizens may be affected.,Public Safety,Secunderabad,17.443078,78.50198,Public Safety Department,8,4,5,4,6,57,Medium,Resolved,CL-411,4,0.84,Urgent,10,Dispatch safety inspection team,12.9,No
GRV-1777,2026-07-19T07:50:00,Web,Repeated complaints about the damaged road have not been resolved.,Roads,Secunderabad,17.443288,78.496033,GHMC Roads Department,9,4,8,6,6,69,Medium,Assigned,CL-304,2,0.58,Urgent,47,Escalate to local engineering officer,,No
GRV-1778,2026-07-25T14:37:00,Web,Power interruption has affected homes and local shops. A school nearby may be affected.,Electricity,Gachibowli,17.44276,78.346214,Electricity Distribution Department,5,9,3,4,4,51,Medium,Resolved,CL-418,1,0.57,Concerned,11,Inspect transformer/feed line,5.9,No
GRV-1779,2026-08-19T01:39:00,Web,Water pipeline near Madhapur appears damaged and residents have no supply. A elderly resident may be affected.,Water Supply,Madhapur,17.447302,78.387948,Water Supply Department,3,3,8,9,4,50,Medium,Resolved,CL-156,1,0.39,Negative,16,Inspect local pipeline/network,20.1,No
GRV-1780,2026-08-15T11:23:00,Walk-in,No water supply in our locality for 7 days. A residential community may be affected.,Water Supply,HITEC City,17.443025,78.377991,Water Supply Department,9,4,5,8,8,69,Medium,In Progress,CL-110,0,0.69,Frustrated,13,Initiate emergency tanker support,,No
GRV-1781,2026-08-04T13:59:00,Social Media,There is an open road crack/pothole near a school in Kukatpally.,Roads,Kukatpally,17.481434,78.416022,GHMC Roads Department,7,4,7,2,2,49,Low,Resolved,CL-438,6,0.74,Frustrated,36,Dispatch road inspection team,53.1,No
GRV-1782,2026-07-23T23:22:00,Walk-in,We are facing repeated power cuts in Uppal. A person with disability may be affected.,Electricity,Uppal,17.397085,78.563596,Electricity Distribution Department,4,3,4,9,6,48,Low,New,CL-220,1,0.74,Concerned,14,Inspect transformer/feed line,,No
GRV-1783,2026-08-07T15:36:00,Walk-in,A broken streetlight is creating a safety risk at night. A hospital nearby may be affected.,Public Safety,Madhapur,17.444895,78.392843,Public Safety Department,4,9,8,9,4,66,Medium,Assigned,CL-111,3,0.42,Concerned,7,Inspect hazardous location,,No
GRV-1784,2026-07-17T14:15:00,Web,Uncollected waste is creating foul smell and health concerns. A school nearby may be affected.,Sanitation,Madhapur,17.447487,78.391773,Sanitation Department,4,9,8,4,1,54,Medium,New,CL-107,2,0.58,Negative,40,Increase collection frequency,,No
GRV-1785,2026-08-07T05:52:00,Social Media,We are facing repeated power cuts in Kukatpally.,Electricity,Kukatpally,17.488345,78.413159,Electricity Distribution Department,3,3,4,7,2,36,Low,New,CL-164,4,0.83,Frustrated,7,Escalate outage to field engineer,,No
GRV-1786,2026-07-25T02:36:00,Social Media,An unsafe public area near Secunderabad has recurring incidents.,Public Safety,Secunderabad,17.441653,78.49773,Public Safety Department,7,4,3,8,3,52,Medium,Resolved,CL-350,2,0.57,Concerned,9,Dispatch safety inspection team,2.3,No
GRV-1787,2026-08-07T09:09:00,Mobile App,We are facing repeated power cuts in Secunderabad.,Electricity,Secunderabad,17.440933,78.496923,Electricity Distribution Department,7,9,4,8,1,60,Medium,Escalated,CL-108,3,0.76,Concerned,4,Inspect transformer/feed line,,No
GRV-1788,2026-07-22T18:04:00,Walk-in,Residents on our street are facing repeated water outages.,Water Supply,Gachibowli,17.44214,78.352539,Water Supply Department,3,8,6,5,3,49,Low,New,CL-448,6,0.63,Negative,24,Inspect local pipeline/network,,No
GRV-1789,2026-08-02T19:46:00,Call Center,The road near Gachibowli has been damaged for 7 days. A child may be affected.,Roads,Gachibowli,17.441287,78.347285,GHMC Roads Department,3,9,7,9,1,56,Medium,Escalated,CL-137,4,0.71,Urgent,50,Schedule pothole repair,,No
GRV-1790,2026-07-25T08:57:00,Social Media,A damaged electric pole is leaning dangerously near homes. A school nearby may be affected.,Public Safety,Charminar,17.363753,78.475954,Public Safety Department,8,7,9,8,1,70,High,Assigned,CL-250,1,0.4,Frustrated,10,Dispatch safety inspection team,,No
GRV-1791,2026-08-10T22:36:00,Mobile App,Water is entering homes due to drainage blockage. A elderly resident may be affected.,Drainage,Mehdipatnam,17.394761,78.450614,Storm Water & Drainage Department,8,8,9,9,8,84,High,In Progress,CL-239,1,0.56,Frustrated,19,Escalate flooding risk to engineering team,,No
GRV-1792,2026-08-12T15:57:00,Walk-in,A broken streetlight is creating a safety risk at night. A hospital nearby may be affected.,Public Safety,Madhapur,17.448854,78.387745,Public Safety Department,4,8,5,9,6,60,Medium,Resolved,CL-284,0,0.73,Negative,7,Dispatch safety inspection team,5.3,No
GRV-1793,2026-08-19T02:39:00,Mobile App,A broken road section is causing traffic problems near Madhapur. A pregnant resident may be affected.,Roads,Madhapur,17.449768,78.393415,GHMC Roads Department,4,7,8,9,8,68,Medium,New,CL-123,2,0.46,Frustrated,30,Schedule pothole repair,,No
GRV-1794,2026-07-22T22:58:00,Walk-in,Transformer near Madhapur appears overloaded and outages are frequent. A hospital nearby may be affected.,Electricity,Madhapur,17.451869,78.389273,Electricity Distribution Department,5,3,7,9,3,53,Medium,Assigned,CL-243,3,0.74,Concerned,12,Inspect transformer/feed line,,No
GRV-1795,2026-08-06T11:16:00,Call Center,Uncollected waste is creating foul smell and health concerns. A elderly resident may be affected.,Sanitation,Secunderabad,17.441948,78.500484,Sanitation Department,8,6,7,9,6,72,High,Resolved,CL-148,3,0.86,Negative,36,Inspect waste accumulation point,31.1,No
GRV-1796,2026-07-17T08:12:00,Web,Uncollected waste is creating foul smell and health concerns. A child may be affected.,Sanitation,Jubilee Hills,17.429288,78.406014,Sanitation Department,8,7,3,9,2,60,Medium,Resolved,CL-101,1,0.67,Frustrated,45,Escalate to sanitation supervisor,23.9,No
GRV-1797,2026-08-19T05:26:00,Mobile App,Garbage has not been collected in Banjara Hills for 3 days. A school nearby may be affected.,Sanitation,Banjara Hills,17.41799,78.434279,Sanitation Department,5,4,3,3,3,38,Low,Escalated,CL-224,1,0.68,Concerned,42,Inspect waste accumulation point,,No
GRV-1798,2026-08-10T14:33:00,Web,No water supply in our locality for 7 days. A pregnant resident may be affected.,Water Supply,Madhapur,17.449141,78.394179,Water Supply Department,9,9,3,9,1,66,Medium,Escalated,CL-343,3,0.45,Concerned,9,Initiate emergency tanker support,,No
GRV-1799,2026-08-18T20:58:00,Social Media,Residents on our street are facing repeated water outages. A local shops may be affected.,Water Supply,HITEC City,17.443552,78.379538,Water Supply Department,9,9,7,5,3,71,High,Assigned,CL-421,4,0.85,Urgent,19,Initiate emergency tanker support,,No
GRV-1800,2026-07-30T20:50:00,Mobile App,Heavy rain has caused waterlogging in Mehdipatnam. A residential community may be affected.,Drainage,Mehdipatnam,17.394636,78.450915,Storm Water & Drainage Department,5,7,7,7,5,61,Medium,Resolved,CL-328,3,0.75,Concerned,16,Dispatch drainage crew,20.5,No
GRV-1801,2026-08-11T22:56:00,Web,Water pressure has been very low in Manikonda since 3 days.,Water Supply,Manikonda,17.407394,78.379948,Water Supply Department,3,3,2,3,5,31,Low,New,CL-155,4,0.7,Concerned,13,Dispatch field inspection team,,No
GRV-1802,2026-08-06T12:33:00,Walk-in,A large pothole has formed near Kukatpally and is dangerous for vehicles. A local shops may be affected.,Roads,Kukatpally,17.482053,78.417505,GHMC Roads Department,8,8,8,6,3,70,High,Assigned,CL-383,2,0.5,Negative,51,Barricade hazardous section,,No
GRV-1803,2026-08-06T18:13:00,Mobile App,A damaged electric pole is creating a safety concern. A child may be affected.,Electricity,Secunderabad,17.437423,78.494803,Electricity Distribution Department,3,4,7,9,3,49,Low,Escalated,CL-227,0,0.51,Concerned,7,Inspect transformer/feed line,,No
GRV-1804,2026-07-22T03:13:00,Mobile App,Water is entering homes due to drainage blockage. A elderly resident may be affected.,Drainage,Kondapur,17.463635,78.363932,Storm Water & Drainage Department,6,8,2,9,2,54,Medium,In Progress,CL-101,3,0.57,Urgent,23,Dispatch drainage crew,,No
GRV-1805,2026-08-08T16:02:00,Walk-in,A damaged electric pole is leaning dangerously near homes. A residential community may be affected.,Public Safety,Secunderabad,17.438959,78.499561,Public Safety Department,5,5,7,6,5,56,Medium,New,CL-123,1,0.42,Frustrated,7,Escalate to local safety officer,,No
GRV-1806,2026-08-14T22:46:00,Web,There is a hazardous open section near a school.,Public Safety,Madhapur,17.446907,78.38888,Public Safety Department,8,6,4,2,8,59,Medium,Resolved,CL-444,6,0.46,Urgent,5,Escalate to local safety officer,5.6,No
GRV-1807,2026-08-12T04:23:00,Social Media,A damaged electric pole is leaning dangerously near homes.,Public Safety,Secunderabad,17.443418,78.496434,Public Safety Department,7,3,6,3,3,48,Low,Resolved,CL-281,2,0.83,Urgent,5,Dispatch safety inspection team,6.7,No
GRV-1808,2026-08-08T23:51:00,Walk-in,We are facing repeated power cuts in Kukatpally. A child may be affected.,Electricity,Kukatpally,17.485729,78.416584,Electricity Distribution Department,6,5,5,9,1,53,Medium,In Progress,CL-246,2,0.49,Concerned,17,Initiate emergency restoration,,No
GRV-1809,2026-08-19T05:20:00,Social Media,Water pressure has been very low in Kondapur since 4 days. A elderly resident may be affected.,Water Supply,Kondapur,17.459444,78.361894,Water Supply Department,4,8,9,9,8,72,High,In Progress,CL-434,5,0.47,Negative,10,Dispatch field inspection team,,No
GRV-1810,2026-08-08T14:28:00,Call Center,Repeated complaints about the damaged road have not been resolved. A child may be affected.,Roads,Madhapur,17.449639,78.390359,GHMC Roads Department,3,3,6,9,8,52,Medium,Escalated,CL-384,4,0.63,Frustrated,34,Barricade hazardous section,,No
GRV-1811,2026-07-30T03:53:00,Web,An unsafe public area near Charminar has recurring incidents. A elderly resident may be affected.,Public Safety,Charminar,17.357783,78.471894,Public Safety Department,5,4,8,9,2,56,Medium,Resolved,CL-437,0,0.41,Concerned,4,Escalate to local safety officer,5.5,No
GRV-1812,2026-07-18T20:13:00,Web,A broken streetlight is creating a safety risk at night. A school nearby may be affected.,Public Safety,Charminar,17.358761,78.471087,Public Safety Department,6,5,5,2,4,47,Low,In Progress,CL-145,3,0.66,Negative,12,Escalate to local safety officer,,No
GRV-1813,2026-08-16T03:43:00,Mobile App,A broken streetlight is creating a safety risk at night.,Public Safety,Banjara Hills,17.418906,78.431035,Public Safety Department,8,6,8,5,3,64,Medium,New,CL-226,6,0.41,Negative,3,Dispatch safety inspection team,,No
GRV-1814,2026-07-24T05:34:00,Call Center,A damaged electric pole is creating a safety concern.,Electricity,Madhapur,17.450513,78.388329,Electricity Distribution Department,4,7,5,2,5,46,Low,Escalated,CL-424,2,0.58,Urgent,2,Escalate outage to field engineer,,No
GRV-1815,2026-08-09T18:18:00,Mobile App,Repeated complaints about the damaged road have not been resolved.,Roads,Kukatpally,17.486505,78.412734,GHMC Roads Department,8,7,4,4,1,54,Medium,New,CL-351,1,0.88,Concerned,36,Schedule pothole repair,,No
GRV-1816,2026-08-03T16:07:00,Social Media,An unsafe public area near Secunderabad has recurring incidents.,Public Safety,Secunderabad,17.438513,78.497234,Public Safety Department,7,7,7,3,8,66,Medium,Assigned,CL-291,1,0.77,Negative,4,Inspect hazardous location,,No
GRV-1817,2026-07-25T04:35:00,Social Media,The road near Miyapur has been damaged for 3 days. A elderly resident may be affected.,Roads,Miyapur,17.493392,78.358751,GHMC Roads Department,6,3,8,9,2,56,Medium,Assigned,CL-104,3,0.68,Concerned,43,Dispatch road inspection team,,No
GRV-1818,2026-07-22T02:52:00,Call Center,We are facing repeated power cuts in Secunderabad. A child may be affected.,Electricity,Secunderabad,17.436159,78.494769,Electricity Distribution Department,5,7,3,9,6,58,Medium,In Progress,CL-103,6,0.49,Concerned,23,Dispatch line inspection team,,No
GRV-1819,2026-07-30T04:23:00,Mobile App,The storm-water drain near Kukatpally is overflowing. A hospital nearby may be affected.,Drainage,Kukatpally,17.48291,78.416533,Storm Water & Drainage Department,9,5,3,9,6,66,Medium,Assigned,CL-152,6,0.67,Frustrated,15,Clear blocked drain,,No
GRV-1820,2026-08-18T03:26:00,Web,Garbage has not been collected in Kukatpally for 1 days. A senior citizens may be affected.,Sanitation,Kukatpally,17.484812,78.41319,Sanitation Department,9,3,3,2,4,48,Low,New,CL-270,5,0.79,Negative,47,Dispatch sanitation crew,,No
GRV-1821,2026-08-06T00:02:00,Walk-in,Blocked drainage is creating a severe sanitation problem. A child may be affected.,Drainage,Madhapur,17.450001,78.390157,Storm Water & Drainage Department,7,3,3,9,6,56,Medium,In Progress,CL-113,1,0.6,Negative,19,Dispatch drainage crew,,No
GRV-1822,2026-08-06T20:43:00,Call Center,Waste is piling up near residential buildings in Madhapur.,Sanitation,Madhapur,17.448269,78.389136,Sanitation Department,4,3,5,2,1,32,Low,Assigned,CL-352,4,0.45,Frustrated,34,Dispatch sanitation crew,,No
GRV-1823,2026-07-18T01:33:00,Web,Waste is piling up near residential buildings in Jubilee Hills.,Sanitation,Jubilee Hills,17.436439,78.406324,Sanitation Department,6,5,8,5,7,62,Medium,Resolved,CL-208,4,0.39,Urgent,27,Escalate to sanitation supervisor,28.9,No
GRV-1824,2026-07-16T04:47:00,Social Media,No water supply in our locality for 6 days.,Water Supply,HITEC City,17.440044,78.378919,Water Supply Department,3,6,9,7,8,62,Medium,In Progress,CL-441,0,0.84,Negative,14,Inspect local pipeline/network,,No
GRV-1825,2026-08-17T18:38:00,Walk-in,The storm-water drain near Madhapur is overflowing.,Drainage,Madhapur,17.449023,78.392981,Storm Water & Drainage Department,3,5,2,8,5,42,Low,Resolved,CL-250,3,0.85,Frustrated,22,Escalate flooding risk to engineering team,21.8,No
GRV-1826,2026-07-25T22:14:00,Social Media,A damaged electric pole is creating a safety concern.,Electricity,Uppal,17.402358,78.561561,Electricity Distribution Department,4,4,9,4,1,46,Low,Resolved,CL-138,2,0.61,Frustrated,7,Dispatch line inspection team,5.7,No
GRV-1827,2026-08-19T07:57:00,Mobile App,Heavy rain has caused waterlogging in Mehdipatnam.,Drainage,Mehdipatnam,17.397486,78.451274,Storm Water & Drainage Department,9,8,4,2,4,60,Medium,Resolved,CL-415,3,0.38,Frustrated,23,Inspect storm-water line,5.4,No
GRV-1828,2026-08-15T12:53:00,Social Media,Residents on our street are facing repeated water outages. A senior citizens may be affected.,Water Supply,Kukatpally,17.481144,78.416363,Water Supply Department,7,7,9,3,2,60,Medium,In Progress,CL-274,0,0.88,Negative,23,Dispatch field inspection team,,No
GRV-1829,2026-08-07T08:11:00,Walk-in,Heavy rain has caused waterlogging in Mehdipatnam.,Drainage,Mehdipatnam,17.394762,78.451333,Storm Water & Drainage Department,6,5,5,6,8,59,Medium,Resolved,CL-134,0,0.59,Concerned,7,Clear blocked drain,4.2,No
GRV-1830,2026-08-12T22:27:00,Social Media,A large pothole has formed near Gachibowli and is dangerous for vehicles.,Roads,Gachibowli,17.443646,78.350262,GHMC Roads Department,8,3,4,6,8,59,Medium,Resolved,CL-300,4,0.78,Concerned,47,Escalate to local engineering officer,12.3,No
GRV-1831,2026-07-17T05:31:00,Call Center,Residents are reporting a recurring public safety concern. A school nearby may be affected.,Public Safety,Kukatpally,17.486294,78.416268,Public Safety Department,8,3,6,8,2,57,Medium,In Progress,CL-107,3,0.41,Frustrated,10,Escalate to local safety officer,,No
GRV-1832,2026-08-14T06:40:00,Call Center,Our street has repeated missed waste collection complaints. A senior citizens may be affected.,Sanitation,Dilsukhnagar,17.372284,78.524134,Sanitation Department,9,9,8,3,5,73,High,Resolved,CL-384,3,0.83,Negative,30,Inspect waste accumulation point,18.2,No
GRV-1833,2026-08-09T01:48:00,Web,A damaged electric pole is creating a safety concern. A elderly resident may be affected.,Electricity,Uppal,17.40102,78.561391,Electricity Distribution Department,7,5,3,9,7,61,Medium,Resolved,CL-232,2,0.44,Urgent,9,Inspect transformer/feed line,6.7,No
GRV-1834,2026-08-06T19:28:00,Web,Waste is piling up near residential buildings in Secunderabad. A high-footfall public area may be affected.,Sanitation,Secunderabad,17.436613,78.494891,Sanitation Department,6,4,6,5,8,58,Medium,New,CL-152,6,0.88,Urgent,48,Dispatch sanitation crew,,No
GRV-1835,2026-07-17T04:58:00,Call Center,Heavy rain has caused waterlogging in Dilsukhnagar.,Drainage,Dilsukhnagar,17.371038,78.526303,Storm Water & Drainage Department,3,4,5,5,7,45,Low,Assigned,CL-302,1,0.53,Negative,14,Clear blocked drain,,No
GRV-1836,2026-07-16T12:50:00,Walk-in,Overflowing garbage bins are causing a hygiene issue. A child may be affected.,Sanitation,Madhapur,17.451473,78.394951,Sanitation Department,3,6,7,9,1,50,Medium,Assigned,CL-320,2,0.73,Urgent,48,Dispatch sanitation crew,,No
GRV-1837,2026-07-26T21:26:00,Call Center,Water is entering homes due to drainage blockage. A local shops may be affected.,Drainage,Kondapur,17.46248,78.368053,Storm Water & Drainage Department,8,3,8,5,3,58,Medium,Resolved,CL-134,3,0.5,Negative,22,Escalate flooding risk to engineering team,5.2,No
GRV-1838,2026-07-19T04:20:00,Web,Uncollected waste is creating foul smell and health concerns. A hospital nearby may be affected.,Sanitation,Secunderabad,17.436785,78.49921,Sanitation Department,7,7,9,9,5,74,High,In Progress,CL-405,5,0.66,Frustrated,33,Increase collection frequency,,No
GRV-1839,2026-07-17T23:14:00,Call Center,Water pipeline near Manikonda appears damaged and residents have no supply.,Water Supply,Manikonda,17.402988,78.380807,Water Supply Department,3,5,3,2,8,40,Low,Resolved,CL-307,5,0.58,Negative,23,Escalate to Zone Water Officer,20.0,No
GRV-1840,2026-08-06T23:37:00,Walk-in,Residents on our street are facing repeated water outages. A elderly resident may be affected.,Water Supply,Kukatpally,17.486359,78.411992,Water Supply Department,6,3,2,9,1,43,Low,New,CL-296,2,0.79,Concerned,14,Initiate emergency tanker support,,No
GRV-1841,2026-08-16T14:28:00,Walk-in,A damaged electric pole is creating a safety concern. A pregnant resident may be affected.,Electricity,Secunderabad,17.44216,78.496768,Electricity Distribution Department,3,9,6,9,6,62,Medium,In Progress,CL-153,3,0.82,Frustrated,12,Escalate outage to field engineer,,No
GRV-1842,2026-07-20T21:54:00,Call Center,There is an open road crack/pothole near a school in Miyapur. A child may be affected.,Roads,Miyapur,17.493334,78.356172,GHMC Roads Department,9,9,7,9,5,80,High,New,CL-379,6,0.82,Frustrated,52,Schedule pothole repair,,No
GRV-1843,2026-07-23T01:48:00,Walk-in,Drain is blocked near Begumpet and water is accumulating.,Drainage,Begumpet,17.441785,78.464675,Storm Water & Drainage Department,8,6,4,8,3,60,Medium,Assigned,CL-377,2,0.44,Negative,20,Inspect storm-water line,,No
GRV-1844,2026-08-11T14:24:00,Web,Drain is blocked near Madhapur and water is accumulating. A child may be affected.,Drainage,Madhapur,17.445167,78.39221,Storm Water & Drainage Department,8,3,3,9,6,58,Medium,New,CL-337,4,0.64,Concerned,7,Escalate flooding risk to engineering team,,No
GRV-1845,2026-08-01T18:50:00,Web,We are facing repeated power cuts in Kukatpally.,Electricity,Kukatpally,17.488256,78.410228,Electricity Distribution Department,4,7,7,5,1,49,Low,Resolved,CL-237,5,0.59,Concerned,10,Escalate outage to field engineer,10.3,No
GRV-1846,2026-08-11T10:10:00,Mobile App,There is an open road crack/pothole near a school in Secunderabad. A school nearby may be affected.,Roads,Secunderabad,17.436887,78.49876,GHMC Roads Department,7,8,8,8,1,66,Medium,Resolved,CL-162,6,0.65,Frustrated,35,Barricade hazardous section,49.9,No
GRV-1847,2026-08-15T21:09:00,Mobile App,Drain is blocked near Kukatpally and water is accumulating. A elderly resident may be affected.,Drainage,Kukatpally,17.482133,78.415503,Storm Water & Drainage Department,6,5,6,9,6,62,Medium,Resolved,CL-133,2,0.7,Concerned,12,Escalate flooding risk to engineering team,3.2,No
GRV-1848,2026-07-23T12:55:00,Web,Our street has repeated missed waste collection complaints. A residential community may be affected.,Sanitation,Secunderabad,17.443082,78.497129,Sanitation Department,9,6,5,3,5,61,Medium,In Progress,CL-409,0,0.61,Urgent,47,Dispatch sanitation crew,,No
GRV-1849,2026-08-18T03:14:00,Call Center,Residents are reporting a recurring public safety concern.,Public Safety,Charminar,17.362593,78.472535,Public Safety Department,4,9,2,4,6,49,Low,Escalated,CL-237,4,0.37,Urgent,7,Escalate to local safety officer,,No
GRV-1850,2026-08-02T11:22:00,Call Center,Uncollected waste is creating foul smell and health concerns. A elderly resident may be affected.,Sanitation,Banjara Hills,17.413693,78.43412,Sanitation Department,9,6,9,9,8,82,High,Assigned,CL-105,0,0.63,Concerned,23,Increase collection frequency,,No
GRV-1851,2026-07-21T14:34:00,Social Media,Blocked drainage is creating a severe sanitation problem.,Drainage,Kukatpally,17.486783,78.416231,Storm Water & Drainage Department,7,3,2,7,6,50,Medium,Resolved,CL-109,0,0.7,Urgent,20,Escalate flooding risk to engineering team,16.3,No
GRV-1852,2026-08-13T09:08:00,Web,The storm-water drain near Begumpet is overflowing.,Drainage,Begumpet,17.446195,78.471492,Storm Water & Drainage Department,5,6,4,8,8,59,Medium,Assigned,CL-120,3,0.5,Negative,14,Escalate flooding risk to engineering team,,No
GRV-1853,2026-07-21T18:07:00,Mobile App,An unsafe public area near Gachibowli has recurring incidents.,Public Safety,Gachibowli,17.44365,78.349433,Public Safety Department,8,4,9,3,4,60,Medium,Escalated,CL-300,0,0.66,Urgent,12,Escalate to local safety officer,,No
GRV-1854,2026-07-16T00:04:00,Web,Heavy rain has caused waterlogging in Begumpet. A child may be affected.,Drainage,Begumpet,17.44658,78.467663,Storm Water & Drainage Department,3,9,3,9,1,48,Low,Assigned,CL-229,0,0.47,Urgent,22,Escalate flooding risk to engineering team,,No
GRV-1855,2026-08-07T22:18:00,Social Media,A damaged electric pole is leaning dangerously near homes. A child may be affected.,Public Safety,Secunderabad,17.439983,78.494679,Public Safety Department,6,9,3,9,5,63,Medium,In Progress,CL-221,1,0.85,Negative,7,Initiate immediate risk mitigation,,No
GRV-1856,2026-07-16T01:29:00,Call Center,Overflowing garbage bins are causing a hygiene issue. A hospital nearby may be affected.,Sanitation,Kukatpally,17.48852,78.414507,Sanitation Department,7,5,3,9,1,52,Medium,Resolved,CL-271,6,0.46,Negative,37,Escalate to sanitation supervisor,2.2,No
GRV-1857,2026-08-01T02:58:00,Web,Water pipeline near HITEC City appears damaged and residents have no supply. A residential community may be affected.,Water Supply,HITEC City,17.445133,78.380334,Water Supply Department,8,6,8,4,2,61,Medium,Assigned,CL-103,5,0.36,Negative,17,Escalate to Zone Water Officer,,No
GRV-1858,2026-07-31T00:49:00,Social Media,Garbage has not been collected in Banjara Hills for 5 days. A hospital nearby may be affected.,Sanitation,Banjara Hills,17.412727,78.434974,Sanitation Department,9,7,6,9,8,78,High,Resolved,CL-275,0,0.63,Negative,47,Escalate to sanitation supervisor,31.4,No
GRV-1859,2026-07-30T20:01:00,Web,Repeated complaints about the damaged road have not been resolved. A person with disability may be affected.,Roads,Gachibowli,17.440655,78.352074,GHMC Roads Department,6,7,3,9,8,64,Medium,Resolved,CL-416,0,0.77,Frustrated,35,Dispatch road inspection team,23.7,No
GRV-1860,2026-07-18T16:35:00,Mobile App,A broken streetlight is creating a safety risk at night. A child may be affected.,Public Safety,Charminar,17.365126,78.476972,Public Safety Department,8,9,7,9,8,82,High,Resolved,CL-439,2,0.56,Urgent,2,Inspect hazardous location,3.0,No
GRV-1861,2026-07-18T12:06:00,Mobile App,Our street has repeated missed waste collection complaints. A residential community may be affected.,Sanitation,Secunderabad,17.438143,78.499168,Sanitation Department,8,3,4,5,5,53,Medium,Escalated,CL-341,6,0.68,Frustrated,46,Escalate to sanitation supervisor,,No
GRV-1862,2026-07-26T16:58:00,Call Center,The road near Gachibowli has been damaged for 2 days. A high-footfall public area may be affected.,Roads,Gachibowli,17.439083,78.351568,GHMC Roads Department,6,5,3,5,1,43,Low,New,CL-374,2,0.74,Concerned,20,Dispatch road inspection team,,No
GRV-1863,2026-08-15T15:03:00,Call Center,Uncollected waste is creating foul smell and health concerns. A child may be affected.,Sanitation,Kukatpally,17.48418,78.417405,Sanitation Department,9,9,7,9,8,84,High,In Progress,CL-165,0,0.73,Negative,16,Escalate to sanitation supervisor,,No
GRV-1864,2026-08-06T12:41:00,Call Center,The road near Miyapur has been damaged for 3 days. A residential community may be affected.,Roads,Miyapur,17.498637,78.354923,GHMC Roads Department,7,7,7,7,5,67,Medium,Resolved,CL-118,3,0.38,Negative,72,Barricade hazardous section,56.8,No
GRV-1865,2026-07-15T09:39:00,Web,Power has been out in our area for 13 hours. A residential community may be affected.,Electricity,Gachibowli,17.43862,78.348319,Electricity Distribution Department,3,9,7,6,1,52,Medium,Resolved,CL-150,2,0.41,Negative,7,Dispatch line inspection team,9.5,No
GRV-1866,2026-07-28T17:43:00,Web,A broken streetlight is creating a safety risk at night.,Public Safety,Gachibowli,17.443118,78.349492,Public Safety Department,4,4,2,2,8,39,Low,New,CL-431,4,0.79,Negative,2,Inspect hazardous location,,No
GRV-1867,2026-07-26T07:17:00,Social Media,Heavy rain has caused waterlogging in Dilsukhnagar.,Drainage,Dilsukhnagar,17.371144,78.524817,Storm Water & Drainage Department,4,9,9,5,4,62,Medium,Resolved,CL-445,4,0.54,Frustrated,21,Clear blocked drain,14.2,No
GRV-1868,2026-08-17T09:35:00,Mobile App,We are facing repeated power cuts in Madhapur.,Electricity,Madhapur,17.44485,78.394639,Electricity Distribution Department,8,9,3,2,5,58,Medium,In Progress,CL-140,2,0.37,Concerned,23,Inspect transformer/feed line,,No
GRV-1869,2026-08-03T10:12:00,Call Center,An unsafe public area near Gachibowli has recurring incidents. A school nearby may be affected.,Public Safety,Gachibowli,17.443548,78.348927,Public Safety Department,4,6,2,5,5,43,Low,In Progress,CL-264,3,0.37,Frustrated,11,Inspect hazardous location,,No
GRV-1870,2026-08-14T09:03:00,Web,There is an open road crack/pothole near a school in Madhapur.,Roads,Madhapur,17.447214,78.390677,GHMC Roads Department,7,3,7,4,1,48,Low,Assigned,CL-290,2,0.79,Frustrated,37,Barricade hazardous section,,No
GRV-1871,2026-08-09T22:06:00,Web,Water is entering homes due to drainage blockage.,Drainage,Kondapur,17.461202,78.36476,Storm Water & Drainage Department,9,5,3,2,8,58,Medium,New,CL-102,5,0.74,Concerned,13,Escalate flooding risk to engineering team,,No
GRV-1872,2026-08-14T22:39:00,Web,Our apartment has not received drinking water for 2 days.,Water Supply,Kukatpally,17.486361,78.417786,Water Supply Department,6,8,8,2,3,58,Medium,Resolved,CL-268,3,0.69,Urgent,17,Dispatch field inspection team,9.4,No
GRV-1873,2026-07-29T17:13:00,Social Media,Residents are reporting a recurring public safety concern. A school nearby may be affected.,Public Safety,Banjara Hills,17.413677,78.43577,Public Safety Department,3,3,4,8,7,46,Low,Resolved,CL-375,0,0.39,Negative,4,Inspect hazardous location,3.4,No
GRV-1874,2026-08-13T02:23:00,Web,No water supply in our locality for 1 days.,Water Supply,Gachibowli,17.443961,78.347203,Water Supply Department,8,4,4,5,1,49,Low,Resolved,CL-212,4,0.73,Concerned,6,Escalate to Zone Water Officer,6.7,No
GRV-1875,2026-08-16T18:18:00,Web,Garbage has not been collected in Dilsukhnagar for 2 days. A pregnant resident may be affected.,Sanitation,Dilsukhnagar,17.372443,78.528624,Sanitation Department,4,3,5,9,7,52,Medium,New,CL-357,5,0.62,Negative,16,Inspect waste accumulation point,,No
GRV-1876,2026-07-17T20:26:00,Web,The storm-water drain near Begumpet is overflowing.,Drainage,Begumpet,17.442482,78.467028,Storm Water & Drainage Department,4,5,7,3,1,42,Low,In Progress,CL-364,0,0.56,Concerned,21,Dispatch drainage crew,,No
GRV-1877,2026-08-14T21:56:00,Call Center,Water pipeline near Kukatpally appears damaged and residents have no supply. A pregnant resident may be affected.,Water Supply,Kukatpally,17.485548,78.417505,Water Supply Department,9,8,5,9,8,78,High,Escalated,CL-273,1,0.72,Concerned,12,Inspect local pipeline/network,,No
GRV-1878,2026-08-11T08:22:00,Call Center,There is an open road crack/pothole near a school in Kukatpally. A hospital nearby may be affected.,Roads,Kukatpally,17.482941,78.416991,GHMC Roads Department,9,9,4,9,6,76,High,New,CL-297,1,0.35,Concerned,65,Barricade hazardous section,,No
GRV-1879,2026-07-18T07:00:00,Walk-in,Waste is piling up near residential buildings in Banjara Hills. A senior citizens may be affected.,Sanitation,Banjara Hills,17.418311,78.431071,Sanitation Department,8,4,4,3,4,50,Medium,In Progress,CL-428,0,0.53,Concerned,14,Increase collection frequency,,No
GRV-1880,2026-08-10T15:59:00,Walk-in,Water pressure has been very low in Manikonda since 5 days. A elderly resident may be affected.,Water Supply,Manikonda,17.403673,78.380012,Water Supply Department,3,3,8,9,7,55,Medium,Assigned,CL-445,1,0.47,Frustrated,6,Initiate emergency tanker support,,No
GRV-1881,2026-07-25T14:26:00,Call Center,Uncollected waste is creating foul smell and health concerns.,Sanitation,Secunderabad,17.43873,78.495792,Sanitation Department,9,6,6,3,7,66,Medium,Resolved,CL-124,6,0.47,Negative,23,Inspect waste accumulation point,30.8,No
GRV-1882,2026-07-15T14:11:00,Social Media,Power has been out in our area for 6 hours.,Electricity,Secunderabad,17.441704,78.495667,Electricity Distribution Department,3,3,7,8,3,46,Low,Assigned,CL-225,4,0.74,Urgent,8,Escalate outage to field engineer,,No
GRV-1883,2026-08-07T19:35:00,Walk-in,The storm-water drain near Madhapur is overflowing. A senior citizens may be affected.,Drainage,Madhapur,17.449822,78.391264,Storm Water & Drainage Department,6,3,3,6,7,50,Medium,Escalated,CL-345,2,0.64,Urgent,8,Dispatch drainage crew,,No
GRV-1884,2026-08-04T19:57:00,Web,Transformer near Uppal appears overloaded and outages are frequent.,Electricity,Uppal,17.402259,78.564763,Electricity Distribution Department,6,7,5,2,7,56,Medium,Resolved,CL-279,4,0.62,Urgent,7,Inspect transformer/feed line,4.3,No
GRV-1885,2026-07-17T20:16:00,Mobile App,A large pothole has formed near Secunderabad and is dangerous for vehicles. A child may be affected.,Roads,Secunderabad,17.441749,78.501696,GHMC Roads Department,4,7,6,9,3,56,Medium,Assigned,CL-271,1,0.42,Urgent,17,Dispatch road inspection team,,No
GRV-1886,2026-08-14T19:44:00,Walk-in,No water supply in our locality for 5 days.,Water Supply,Gachibowli,17.440084,78.351704,Water Supply Department,8,8,2,3,1,50,Medium,New,CL-147,2,0.88,Urgent,10,Escalate to Zone Water Officer,,No
GRV-1887,2026-07-23T17:00:00,Mobile App,A broken streetlight is creating a safety risk at night.,Public Safety,Madhapur,17.451779,78.39102,Public Safety Department,9,4,3,5,6,58,Medium,Resolved,CL-352,3,0.57,Negative,12,Initiate immediate risk mitigation,2.9,No
GRV-1888,2026-08-13T14:47:00,Web,Waste is piling up near residential buildings in Kukatpally.,Sanitation,Kukatpally,17.487785,78.411073,Sanitation Department,8,3,4,6,2,50,Medium,In Progress,CL-355,6,0.72,Frustrated,16,Increase collection frequency,,No
GRV-1889,2026-08-05T02:00:00,Call Center,No water supply in our locality for 2 days.,Water Supply,Madhapur,17.452051,78.390841,Water Supply Department,6,4,4,6,2,46,Low,New,CL-426,3,0.86,Urgent,22,Initiate emergency tanker support,,No
GRV-1890,2026-07-27T13:49:00,Walk-in,We are facing repeated power cuts in Gachibowli. A elderly resident may be affected.,Electricity,Gachibowli,17.439232,78.346471,Electricity Distribution Department,7,9,8,9,6,78,High,Assigned,CL-150,4,0.38,Concerned,10,Escalate outage to field engineer,,No
GRV-1891,2026-07-22T12:24:00,Call Center,The storm-water drain near Kondapur is overflowing. A elderly resident may be affected.,Drainage,Kondapur,17.465249,78.362746,Storm Water & Drainage Department,8,7,8,9,3,72,High,Assigned,CL-222,6,0.45,Frustrated,10,Escalate flooding risk to engineering team,,No
GRV-1892,2026-07-21T15:40:00,Web,A damaged electric pole is leaning dangerously near homes.,Public Safety,Banjara Hills,17.416864,78.435267,Public Safety Department,3,8,2,6,8,50,Medium,Escalated,CL-382,3,0.75,Negative,5,Initiate immediate risk mitigation,,No
GRV-1893,2026-07-24T22:15:00,Mobile App,Waste is piling up near residential buildings in Jubilee Hills.,Sanitation,Jubilee Hills,17.42922,78.408751,Sanitation Department,8,5,9,3,6,66,Medium,Resolved,CL-126,1,0.55,Negative,28,Inspect waste accumulation point,40.0,No
GRV-1894,2026-08-03T16:25:00,Call Center,A damaged electric pole is leaning dangerously near homes.,Public Safety,Charminar,17.365176,78.473584,Public Safety Department,5,5,9,8,7,66,Medium,Escalated,CL-268,6,0.62,Concerned,11,Escalate to local safety officer,,No
GRV-1895,2026-07-20T17:05:00,Web,A damaged electric pole is creating a safety concern. A hospital nearby may be affected.,Electricity,Kondapur,17.462081,78.368102,Electricity Distribution Department,8,7,8,9,2,70,High,Assigned,CL-337,2,0.46,Frustrated,7,Escalate outage to field engineer,,No
GRV-1896,2026-07-20T03:54:00,Mobile App,Water is entering homes due to drainage blockage. A child may be affected.,Drainage,Madhapur,17.446217,78.393715,Storm Water & Drainage Department,9,5,8,9,7,77,High,New,CL-270,1,0.81,Concerned,13,Dispatch drainage crew,,No
GRV-1897,2026-08-17T11:20:00,Social Media,Garbage has not been collected in Jubilee Hills for 1 days.,Sanitation,Jubilee Hills,17.431901,78.408362,Sanitation Department,5,8,5,3,3,50,Medium,New,CL-315,2,0.79,Frustrated,31,Escalate to sanitation supervisor,,No
GRV-1898,2026-08-03T09:05:00,Call Center,There is an open road crack/pothole near a school in Kukatpally.,Roads,Kukatpally,17.487425,78.415064,GHMC Roads Department,9,5,4,3,2,52,Medium,Resolved,CL-103,4,0.55,Negative,70,Barricade hazardous section,30.9,No
GRV-1899,2026-08-19T08:09:00,Walk-in,A damaged electric pole is creating a safety concern. A elderly resident may be affected.,Electricity,Uppal,17.400202,78.559391,Electricity Distribution Department,6,4,4,9,1,49,Low,Resolved,CL-159,5,0.78,Frustrated,9,Inspect transformer/feed line,7.3,No
GRV-1900,2026-07-16T09:59:00,Web,A large pothole has formed near Gachibowli and is dangerous for vehicles.,Roads,Gachibowli,17.436391,78.352266,GHMC Roads Department,3,9,7,8,3,58,Medium,Assigned,CL-368,0,0.85,Frustrated,71,Escalate to local engineering officer,,No
GRV-1901,2026-08-08T19:44:00,Web,An unsafe public area near Banjara Hills has recurring incidents. A school nearby may be affected.,Public Safety,Banjara Hills,17.415555,78.432016,Public Safety Department,8,9,5,2,7,66,Medium,Resolved,CL-406,1,0.68,Negative,3,Dispatch safety inspection team,2.5,No
GRV-1902,2026-08-05T00:50:00,Social Media,A broken road section is causing traffic problems near Kukatpally.,Roads,Kukatpally,17.483718,78.416946,GHMC Roads Department,7,9,8,3,1,61,Medium,Assigned,CL-447,5,0.66,Urgent,27,Barricade hazardous section,,No
GRV-1903,2026-08-13T22:53:00,Mobile App,The road near Miyapur has been damaged for 2 days.,Roads,Miyapur,17.496286,78.353697,GHMC Roads Department,4,7,4,2,5,44,Low,Resolved,CL-233,5,0.81,Concerned,69,Schedule pothole repair,24.5,No
GRV-1904,2026-07-22T02:53:00,Walk-in,Residents on our street are facing repeated water outages.,Water Supply,Gachibowli,17.437097,78.348071,Water Supply Department,3,7,4,5,8,50,Medium,Assigned,CL-151,6,0.76,Negative,12,Inspect local pipeline/network,,No
GRV-1905,2026-07-23T21:20:00,Mobile App,A broken streetlight is creating a safety risk at night.,Public Safety,Charminar,17.365457,78.47856,Public Safety Department,6,8,8,7,5,68,Medium,Resolved,CL-129,3,0.77,Concerned,9,Escalate to local safety officer,3.5,No
GRV-1906,2026-08-01T14:03:00,Mobile App,Repeated complaints about the damaged road have not been resolved. A pregnant resident may be affected.,Roads,Secunderabad,17.438873,78.494694,GHMC Roads Department,4,5,4,9,3,48,Low,New,CL-286,2,0.75,Urgent,36,Escalate to local engineering officer,,No
GRV-1907,2026-07-25T09:00:00,Social Media,A large pothole has formed near Secunderabad and is dangerous for vehicles.,Roads,Secunderabad,17.443498,78.500477,GHMC Roads Department,3,7,2,4,7,44,Low,Escalated,CL-162,6,0.5,Frustrated,43,Schedule pothole repair,,No
GRV-1908,2026-08-04T12:42:00,Walk-in,The road near Kukatpally has been damaged for 2 days. A hospital nearby may be affected.,Roads,Kukatpally,17.48126,78.412347,GHMC Roads Department,3,7,6,9,7,59,Medium,Assigned,CL-270,5,0.66,Urgent,35,Dispatch road inspection team,,No
GRV-1909,2026-08-08T15:59:00,Mobile App,There is an open road crack/pothole near a school in Secunderabad.,Roads,Secunderabad,17.440627,78.497907,GHMC Roads Department,5,3,3,6,6,45,Low,New,CL-351,0,0.58,Concerned,54,Escalate to local engineering officer,,No
GRV-1910,2026-08-05T12:06:00,Call Center,Waste is piling up near residential buildings in Jubilee Hills. A elderly resident may be affected.,Sanitation,Jubilee Hills,17.429186,78.404714,Sanitation Department,4,6,4,9,1,47,Low,Escalated,CL-108,5,0.69,Negative,20,Increase collection frequency,,No
GRV-1911,2026-07-25T04:05:00,Web,There is a hazardous open section near a school. A elderly resident may be affected.,Public Safety,Secunderabad,17.439583,78.497013,Public Safety Department,7,6,5,9,2,60,Medium,Resolved,CL-299,3,0.58,Urgent,11,Initiate immediate risk mitigation,4.7,No
GRV-1912,2026-07-29T08:19:00,Social Media,An unsafe public area near Charminar has recurring incidents.,Public Safety,Charminar,17.362695,78.472154,Public Safety Department,8,7,6,3,2,58,Medium,New,CL-385,3,0.69,Negative,5,Dispatch safety inspection team,,No
GRV-1913,2026-08-11T15:29:00,Mobile App,A broken road section is causing traffic problems near Kukatpally.,Roads,Kukatpally,17.484267,78.41429,GHMC Roads Department,9,5,9,8,7,78,High,Resolved,CL-200,4,0.89,Concerned,63,Escalate to local engineering officer,46.4,No
GRV-1914,2026-08-02T12:44:00,Walk-in,Overflowing garbage bins are causing a hygiene issue. A senior citizens may be affected.,Sanitation,Madhapur,17.446254,78.390018,Sanitation Department,7,6,6,2,7,58,Medium,Assigned,CL-205,2,0.56,Urgent,14,Increase collection frequency,,No
GRV-1915,2026-08-12T01:22:00,Mobile App,Transformer near Madhapur appears overloaded and outages are frequent. A senior citizens may be affected.,Electricity,Madhapur,17.444696,78.390468,Electricity Distribution Department,7,4,9,5,2,58,Medium,In Progress,CL-282,4,0.83,Negative,6,Initiate emergency restoration,,No
GRV-1916,2026-07-28T17:39:00,Call Center,A broken streetlight is creating a safety risk at night. A child may be affected.,Public Safety,Madhapur,17.449194,78.390289,Public Safety Department,4,6,8,9,4,60,Medium,Resolved,CL-345,0,0.51,Frustrated,6,Inspect hazardous location,6.3,No
GRV-1917,2026-08-10T10:07:00,Social Media,Transformer near Kukatpally appears overloaded and outages are frequent.,Electricity,Kukatpally,17.48284,78.415445,Electricity Distribution Department,9,5,5,4,5,60,Medium,In Progress,CL-262,2,0.78,Negative,14,Escalate outage to field engineer,,No
GRV-1918,2026-07-29T08:32:00,Mobile App,Uncollected waste is creating foul smell and health concerns.,Sanitation,Secunderabad,17.443807,78.499652,Sanitation Department,6,5,2,6,3,46,Low,New,CL-385,4,0.47,Urgent,38,Inspect waste accumulation point,,No
GRV-1919,2026-08-06T11:22:00,Call Center,Residents on our street are facing repeated water outages. A residential community may be affected.,Water Supply,Kondapur,17.460193,78.367103,Water Supply Department,3,8,4,2,8,48,Low,Assigned,CL-305,2,0.61,Negative,12,Escalate to Zone Water Officer,,No
GRV-1920,2026-07-24T20:36:00,Web,A broken road section is causing traffic problems near Kukatpally. A pregnant resident may be affected.,Roads,Kukatpally,17.481991,78.410718,GHMC Roads Department,6,9,6,9,7,72,High,Resolved,CL-291,4,0.43,Negative,15,Escalate to local engineering officer,4.9,No
GRV-1921,2026-07-24T15:04:00,Call Center,Waste is piling up near residential buildings in Kukatpally. A school nearby may be affected.,Sanitation,Kukatpally,17.486466,78.412972,Sanitation Department,5,8,9,2,7,62,Medium,Escalated,CL-248,4,0.85,Negative,28,Increase collection frequency,,No
GRV-1922,2026-07-21T02:02:00,Call Center,No water supply in our locality for 5 days.,Water Supply,Madhapur,17.447553,78.392748,Water Supply Department,5,4,5,8,7,56,Medium,New,CL-246,5,0.85,Urgent,13,Dispatch field inspection team,,No
GRV-1923,2026-07-28T17:45:00,Social Media,Uncollected waste is creating foul smell and health concerns.,Sanitation,Jubilee Hills,17.436274,78.404324,Sanitation Department,8,9,8,8,1,72,High,In Progress,CL-392,5,0.65,Negative,21,Dispatch sanitation crew,,No
GRV-1924,2026-08-18T04:50:00,Call Center,A broken streetlight is creating a safety risk at night. A residential community may be affected.,Public Safety,Kukatpally,17.484277,78.412507,Public Safety Department,4,3,6,3,6,44,Low,Resolved,CL-356,4,0.43,Negative,7,Initiate immediate risk mitigation,3.4,No
GRV-1925,2026-08-08T19:06:00,Web,Waste is piling up near residential buildings in Dilsukhnagar. A local shops may be affected.,Sanitation,Dilsukhnagar,17.366556,78.522729,Sanitation Department,4,7,5,2,3,44,Low,New,CL-121,3,0.42,Negative,25,Escalate to sanitation supervisor,,No
GRV-1926,2026-08-10T08:22:00,Call Center,A damaged electric pole is creating a safety concern. A hospital nearby may be affected.,Electricity,Gachibowli,17.441234,78.346585,Electricity Distribution Department,9,3,9,9,7,75,High,New,CL-244,4,0.77,Urgent,12,Dispatch line inspection team,,No
GRV-1927,2026-07-18T05:51:00,Web,The road near Miyapur has been damaged for 7 days. A person with disability may be affected.,Roads,Miyapur,17.496534,78.354304,GHMC Roads Department,4,5,4,9,1,45,Low,Resolved,CL-204,3,0.64,Urgent,49,Barricade hazardous section,59.0,No
GRV-1928,2026-08-11T17:40:00,Web,A broken streetlight is creating a safety risk at night. A residential community may be affected.,Public Safety,Banjara Hills,17.416578,78.437359,Public Safety Department,8,6,6,7,8,70,High,Assigned,CL-138,3,0.8,Negative,9,Escalate to local safety officer,,No
GRV-1929,2026-07-23T00:09:00,Call Center,Uncollected waste is creating foul smell and health concerns.,Sanitation,Banjara Hills,17.414682,78.436766,Sanitation Department,6,4,9,7,3,59,Medium,In Progress,CL-349,0,0.62,Concerned,32,Inspect waste accumulation point,,No
GRV-1930,2026-07-19T00:03:00,Mobile App,An unsafe public area near Gachibowli has recurring incidents. A residential community may be affected.,Public Safety,Gachibowli,17.441675,78.35276,Public Safety Department,8,4,9,6,2,62,Medium,In Progress,CL-210,0,0.4,Urgent,3,Initiate immediate risk mitigation,,No
GRV-1931,2026-07-19T18:37:00,Social Media,There is a hazardous open section near a school.,Public Safety,Charminar,17.360147,78.477786,Public Safety Department,9,9,9,4,1,70,High,In Progress,CL-245,2,0.67,Urgent,11,Dispatch safety inspection team,,No
GRV-1932,2026-07-27T16:09:00,Call Center,A damaged electric pole is creating a safety concern.,Electricity,Gachibowli,17.441581,78.346985,Electricity Distribution Department,8,5,5,3,8,60,Medium,New,CL-123,2,0.44,Urgent,6,Initiate emergency restoration,,No
GRV-1933,2026-08-05T15:32:00,Walk-in,The road near Miyapur has been damaged for 6 days.,Roads,Miyapur,17.493066,78.35433,GHMC Roads Department,5,5,9,8,1,56,Medium,In Progress,CL-269,4,0.62,Concerned,50,Schedule pothole repair,,No
GRV-1934,2026-08-14T06:57:00,Mobile App,The storm-water drain near Dilsukhnagar is overflowing. A elderly resident may be affected.,Drainage,Dilsukhnagar,17.372381,78.525482,Storm Water & Drainage Department,9,9,7,9,4,78,High,Assigned,CL-253,4,0.62,Frustrated,11,Inspect storm-water line,,No
GRV-1935,2026-07-30T05:34:00,Call Center,A damaged electric pole is creating a safety concern. A residential community may be affected.,Electricity,Madhapur,17.448882,78.39492,Electricity Distribution Department,9,4,4,4,3,54,Medium,New,CL-207,3,0.58,Negative,4,Inspect transformer/feed line,,No
GRV-1936,2026-08-04T02:42:00,Social Media,Blocked drainage is creating a severe sanitation problem. A person with disability may be affected.,Drainage,Kukatpally,17.486682,78.415113,Storm Water & Drainage Department,4,7,7,9,6,62,Medium,In Progress,CL-115,1,0.48,Frustrated,10,Clear blocked drain,,No
GRV-1937,2026-08-12T06:34:00,Mobile App,Our apartment has not received drinking water for 1 days.,Water Supply,Gachibowli,17.441735,78.346156,Water Supply Department,3,8,7,2,4,48,Low,New,CL-418,1,0.74,Urgent,7,Dispatch field inspection team,,No
GRV-1938,2026-08-02T03:34:00,Social Media,A large pothole has formed near Miyapur and is dangerous for vehicles. A hospital nearby may be affected.,Roads,Miyapur,17.493778,78.355614,GHMC Roads Department,5,7,3,9,6,58,Medium,Resolved,CL-113,4,0.82,Urgent,43,Dispatch road inspection team,20.6,No
GRV-1939,2026-08-06T13:20:00,Walk-in,Power has been out in our area for 6 hours. A elderly resident may be affected.,Electricity,Kondapur,17.463491,78.366901,Electricity Distribution Department,6,4,9,9,8,70,High,In Progress,CL-422,2,0.48,Frustrated,14,Dispatch line inspection team,,No
GRV-1940,2026-07-16T01:19:00,Call Center,Heavy rain has caused waterlogging in Mehdipatnam. A child may be affected.,Drainage,Mehdipatnam,17.396455,78.452367,Storm Water & Drainage Department,4,8,8,9,3,62,Medium,New,CL-117,1,0.39,Urgent,8,Dispatch drainage crew,,No
GRV-1941,2026-07-19T10:41:00,Social Media,Garbage has not been collected in Dilsukhnagar for 5 days. A residential community may be affected.,Sanitation,Dilsukhnagar,17.364959,78.522455,Sanitation Department,7,6,4,8,7,64,Medium,In Progress,CL-163,4,0.66,Concerned,22,Escalate to sanitation supervisor,,No
GRV-1942,2026-07-19T10:00:00,Call Center,Power has been out in our area for 7 hours. A elderly resident may be affected.,Electricity,Secunderabad,17.437854,78.498536,Electricity Distribution Department,5,4,4,9,6,54,Medium,In Progress,CL-245,1,0.64,Urgent,12,Inspect transformer/feed line,,No
GRV-1943,2026-07-22T07:52:00,Social Media,Blocked drainage is creating a severe sanitation problem.,Drainage,Dilsukhnagar,17.372744,78.522354,Storm Water & Drainage Department,7,4,2,2,8,48,Low,Resolved,CL-245,3,0.64,Frustrated,20,Escalate flooding risk to engineering team,28.1,No
GRV-1944,2026-07-19T19:15:00,Web,There is a hazardous open section near a school.,Public Safety,Banjara Hills,17.419385,78.432219,Public Safety Department,3,7,7,7,2,50,Medium,In Progress,CL-227,3,0.45,Frustrated,8,Escalate to local safety officer,,No
GRV-1945,2026-08-15T17:44:00,Walk-in,The road near Miyapur has been damaged for 1 days. A school nearby may be affected.,Roads,Miyapur,17.49366,78.353348,GHMC Roads Department,4,6,3,6,8,51,Medium,Assigned,CL-326,6,0.73,Concerned,13,Schedule pothole repair,,No
GRV-1946,2026-08-01T19:07:00,Walk-in,Drain is blocked near Kondapur and water is accumulating.,Drainage,Kondapur,17.462136,78.364966,Storm Water & Drainage Department,9,5,5,8,2,62,Medium,Resolved,CL-351,3,0.6,Urgent,20,Clear blocked drain,21.5,No
GRV-1947,2026-08-01T08:34:00,Web,Heavy rain has caused waterlogging in Dilsukhnagar.,Drainage,Dilsukhnagar,17.365907,78.524286,Storm Water & Drainage Department,3,8,4,7,7,54,Medium,Resolved,CL-412,6,0.55,Frustrated,18,Inspect storm-water line,17.3,No
GRV-1948,2026-08-10T06:01:00,Social Media,Heavy rain has caused waterlogging in Begumpet. A high-footfall public area may be affected.,Drainage,Begumpet,17.442596,78.468322,Storm Water & Drainage Department,8,6,2,8,8,64,Medium,Assigned,CL-395,4,0.83,Concerned,20,Inspect storm-water line,,No
GRV-1949,2026-08-13T14:39:00,Social Media,Residents on our street are facing repeated water outages. A elderly resident may be affected.,Water Supply,Gachibowli,17.437648,78.349766,Water Supply Department,9,7,9,9,5,80,High,Assigned,CL-151,2,0.49,Frustrated,24,Inspect local pipeline/network,,No
GRV-1950,2026-08-07T02:01:00,Social Media,Water pipeline near Gachibowli appears damaged and residents have no supply. A local shops may be affected.,Water Supply,Gachibowli,17.437433,78.35002,Water Supply Department,8,5,5,5,2,54,Medium,Assigned,CL-160,4,0.51,Frustrated,14,Initiate emergency tanker support,,No
GRV-1951,2026-07-16T02:53:00,Call Center,Water pressure has been very low in HITEC City since 1 days. A hospital nearby may be affected.,Water Supply,HITEC City,17.443661,78.379361,Water Supply Department,6,3,8,9,7,64,Medium,New,CL-264,0,0.65,Concerned,23,Dispatch field inspection team,,No
GRV-1952,2026-07-19T20:35:00,Mobile App,The storm-water drain near Begumpet is overflowing. A residential community may be affected.,Drainage,Begumpet,17.446704,78.467177,Storm Water & Drainage Department,8,9,5,6,8,73,High,Assigned,CL-203,5,0.8,Concerned,17,Inspect storm-water line,,No
GRV-1953,2026-07-31T20:18:00,Walk-in,Our apartment has not received drinking water for 2 days.,Water Supply,Madhapur,17.45213,78.39282,Water Supply Department,9,8,8,2,6,71,High,In Progress,CL-249,2,0.36,Urgent,9,Inspect local pipeline/network,,No
GRV-1954,2026-07-24T00:27:00,Call Center,Power has been out in our area for 17 hours.,Electricity,Secunderabad,17.438324,78.502051,Electricity Distribution Department,7,6,4,5,1,50,Medium,Resolved,CL-107,6,0.41,Negative,13,Inspect transformer/feed line,4.2,No
GRV-1955,2026-07-31T10:09:00,Social Media,The storm-water drain near Begumpet is overflowing.,Drainage,Begumpet,17.44279,78.467421,Storm Water & Drainage Department,6,7,8,8,6,69,Medium,New,CL-356,0,0.51,Urgent,10,Inspect storm-water line,,No
GRV-1956,2026-08-05T14:19:00,Call Center,Power has been out in our area for 7 hours. A high-footfall public area may be affected.,Electricity,Madhapur,17.447279,78.389283,Electricity Distribution Department,5,4,5,7,5,51,Medium,Resolved,CL-401,2,0.78,Frustrated,17,Initiate emergency restoration,9.1,No
GRV-1957,2026-07-24T15:06:00,Web,Uncollected waste is creating foul smell and health concerns. A person with disability may be affected.,Sanitation,Jubilee Hills,17.428627,78.405093,Sanitation Department,3,6,3,9,3,45,Low,Escalated,CL-352,2,0.53,Concerned,22,Increase collection frequency,,No
GRV-1958,2026-07-26T21:34:00,Call Center,There is a hazardous open section near a school. A person with disability may be affected.,Public Safety,Banjara Hills,17.416045,78.436399,Public Safety Department,9,8,4,9,8,76,High,In Progress,CL-112,6,0.43,Frustrated,12,Inspect hazardous location,,No
GRV-1959,2026-08-05T04:23:00,Web,Heavy rain has caused waterlogging in Kukatpally.,Drainage,Kukatpally,17.485133,78.414894,Storm Water & Drainage Department,5,4,7,2,7,50,Medium,Assigned,CL-122,2,0.88,Negative,8,Inspect storm-water line,,No
GRV-1960,2026-08-03T00:55:00,Web,Our street has repeated missed waste collection complaints. A school nearby may be affected.,Sanitation,Secunderabad,17.442566,78.501053,Sanitation Department,6,4,7,7,4,56,Medium,Escalated,CL-275,2,0.77,Concerned,45,Dispatch sanitation crew,,No
GRV-1961,2026-08-07T03:01:00,Web,Waste is piling up near residential buildings in Secunderabad. A pregnant resident may be affected.,Sanitation,Secunderabad,17.442891,78.494849,Sanitation Department,9,7,5,9,1,66,Medium,New,CL-307,4,0.47,Concerned,26,Increase collection frequency,,No
GRV-1962,2026-07-15T17:18:00,Web,Repeated complaints about the damaged road have not been resolved. A residential community may be affected.,Roads,Secunderabad,17.438408,78.495278,GHMC Roads Department,7,4,3,4,3,46,Low,In Progress,CL-124,1,0.64,Frustrated,64,Schedule pothole repair,,No
GRV-1963,2026-07-23T08:18:00,Walk-in,A damaged electric pole is creating a safety concern.,Electricity,Kondapur,17.464968,78.36544,Electricity Distribution Department,9,7,2,2,2,51,Medium,Resolved,CL-313,3,0.58,Concerned,10,Initiate emergency restoration,8.5,No
GRV-1964,2026-07-17T13:39:00,Web,Blocked drainage is creating a severe sanitation problem. A child may be affected.,Drainage,Madhapur,17.445197,78.391758,Storm Water & Drainage Department,7,7,6,9,7,71,High,In Progress,CL-376,2,0.49,Frustrated,24,Inspect storm-water line,,No
GRV-1965,2026-07-31T23:17:00,Social Media,Transformer near Madhapur appears overloaded and outages are frequent. A child may be affected.,Electricity,Madhapur,17.450094,78.392163,Electricity Distribution Department,8,3,8,9,5,67,Medium,Resolved,CL-430,2,0.44,Concerned,18,Initiate emergency restoration,9.4,No
GRV-1966,2026-08-03T03:47:00,Web,A broken road section is causing traffic problems near Banjara Hills.,Roads,Banjara Hills,17.41816,78.433094,GHMC Roads Department,7,5,4,6,2,51,Medium,In Progress,CL-369,0,0.45,Negative,49,Barricade hazardous section,,No
GRV-1967,2026-07-24T03:27:00,Web,A broken streetlight is creating a safety risk at night.,Public Safety,Charminar,17.358264,78.476509,Public Safety Department,9,7,6,4,6,68,Medium,Resolved,CL-333,6,0.78,Negative,9,Dispatch safety inspection team,3.8,No
GRV-1968,2026-08-08T22:00:00,Social Media,Repeated complaints about the damaged road have not been resolved. A child may be affected.,Roads,Banjara Hills,17.416642,78.432035,GHMC Roads Department,3,7,5,9,8,58,Medium,Resolved,CL-434,2,0.5,Negative,68,Dispatch road inspection team,75.8,No
GRV-1969,2026-07-28T16:47:00,Walk-in,We are facing repeated power cuts in Secunderabad. A senior citizens may be affected.,Electricity,Secunderabad,17.443589,78.494395,Electricity Distribution Department,6,6,5,3,6,54,Medium,In Progress,CL-107,5,0.69,Negative,18,Escalate outage to field engineer,,No
GRV-1970,2026-07-28T10:08:00,Walk-in,A large pothole has formed near Miyapur and is dangerous for vehicles. A senior citizens may be affected.,Roads,Miyapur,17.493238,78.353473,GHMC Roads Department,9,7,3,2,4,56,Medium,Resolved,CL-151,3,0.81,Urgent,53,Schedule pothole repair,29.1,No
GRV-1971,2026-07-29T23:59:00,Mobile App,Drain is blocked near Madhapur and water is accumulating. A pregnant resident may be affected.,Drainage,Madhapur,17.45162,78.388131,Storm Water & Drainage Department,3,4,6,9,4,48,Low,In Progress,CL-302,0,0.46,Frustrated,22,Inspect storm-water line,,No
GRV-1972,2026-08-16T09:53:00,Walk-in,Heavy rain has caused waterlogging in Dilsukhnagar. A school nearby may be affected.,Drainage,Dilsukhnagar,17.370125,78.521388,Storm Water & Drainage Department,9,7,2,7,1,57,Medium,New,CL-274,6,0.64,Concerned,19,Inspect storm-water line,,No
GRV-1973,2026-08-13T07:39:00,Mobile App,Power interruption has affected homes and local shops. A child may be affected.,Electricity,Secunderabad,17.439672,78.495754,Electricity Distribution Department,5,9,3,9,2,56,Medium,Escalated,CL-433,3,0.51,Frustrated,3,Dispatch line inspection team,,No
GRV-1974,2026-07-18T06:52:00,Web,There is an open road crack/pothole near a school in Banjara Hills. A elderly resident may be affected.,Roads,Banjara Hills,17.416588,78.436273,GHMC Roads Department,4,5,4,9,2,46,Low,Escalated,CL-154,2,0.79,Frustrated,57,Schedule pothole repair,,No
GRV-1975,2026-07-15T16:16:00,Mobile App,There is a hazardous open section near a school.,Public Safety,Banjara Hills,17.419069,78.434773,Public Safety Department,3,5,3,2,4,34,Low,In Progress,CL-143,1,0.42,Negative,4,Dispatch safety inspection team,,No
GRV-1976,2026-08-01T21:36:00,Social Media,Our street has repeated missed waste collection complaints. A child may be affected.,Sanitation,Dilsukhnagar,17.369814,78.526236,Sanitation Department,9,7,5,9,6,74,High,Assigned,CL-377,4,0.85,Urgent,14,Dispatch sanitation crew,,No
GRV-1977,2026-08-17T01:21:00,Walk-in,Water is entering homes due to drainage blockage. A residential community may be affected.,Drainage,Kondapur,17.458486,78.362827,Storm Water & Drainage Department,9,5,7,8,6,72,High,Escalated,CL-416,1,0.81,Negative,23,Clear blocked drain,,No
GRV-1978,2026-08-09T12:32:00,Walk-in,No water supply in our locality for 7 days.,Water Supply,Manikonda,17.404545,78.378979,Water Supply Department,9,9,6,8,1,70,High,Resolved,CL-155,1,0.51,Urgent,22,Escalate to Zone Water Officer,17.7,No
GRV-1979,2026-07-30T05:12:00,Social Media,There is a hazardous open section near a school. A residential community may be affected.,Public Safety,Banjara Hills,17.412622,78.431766,Public Safety Department,9,5,3,3,1,49,Low,Resolved,CL-247,0,0.69,Negative,10,Inspect hazardous location,13.4,No
GRV-1980,2026-07-27T06:04:00,Social Media,The road near Kukatpally has been damaged for 1 days.,Roads,Kukatpally,17.487611,78.411977,GHMC Roads Department,7,3,7,5,8,60,Medium,New,CL-376,6,0.35,Urgent,13,Barricade hazardous section,,No
GRV-1981,2026-07-21T11:48:00,Social Media,Repeated complaints about the damaged road have not been resolved.,Roads,Madhapur,17.448097,78.393455,GHMC Roads Department,3,7,9,7,5,59,Medium,In Progress,CL-350,1,0.87,Negative,29,Schedule pothole repair,,No
GRV-1982,2026-08-13T22:41:00,Social Media,The storm-water drain near Mehdipatnam is overflowing. A elderly resident may be affected.,Drainage,Mehdipatnam,17.398827,78.446413,Storm Water & Drainage Department,6,9,6,9,3,66,Medium,New,CL-127,2,0.51,Urgent,12,Clear blocked drain,,No
GRV-1983,2026-08-17T13:02:00,Walk-in,Waste is piling up near residential buildings in Kukatpally. A elderly resident may be affected.,Sanitation,Kukatpally,17.488046,78.413113,Sanitation Department,3,4,8,9,8,58,Medium,In Progress,CL-260,1,0.38,Urgent,14,Increase collection frequency,,No
GRV-1984,2026-07-25T17:08:00,Walk-in,Residents on our street are facing repeated water outages. A senior citizens may be affected.,Water Supply,Kukatpally,17.48263,78.413492,Water Supply Department,3,5,9,5,6,54,Medium,Resolved,CL-147,3,0.38,Negative,16,Escalate to Zone Water Officer,14.4,No
GRV-1985,2026-07-31T23:31:00,Call Center,No water supply in our locality for 2 days. A child may be affected.,Water Supply,Manikonda,17.40353,78.380376,Water Supply Department,7,9,8,9,1,70,High,New,CL-158,5,0.83,Frustrated,10,Inspect local pipeline/network,,No
GRV-1986,2026-08-01T16:03:00,Mobile App,Residents are reporting a recurring public safety concern. A child may be affected.,Public Safety,Secunderabad,17.437369,78.495454,Public Safety Department,9,3,9,9,1,66,Medium,Resolved,CL-401,1,0.49,Frustrated,4,Initiate immediate risk mitigation,5.0,No
GRV-1987,2026-08-18T08:53:00,Mobile App,Residents on our street are facing repeated water outages. A pregnant resident may be affected.,Water Supply,Kondapur,17.460865,78.365704,Water Supply Department,3,4,2,9,5,42,Low,Resolved,CL-144,3,0.75,Concerned,21,Inspect local pipeline/network,13.1,No
GRV-1988,2026-08-13T20:22:00,Web,No water supply in our locality for 4 days.,Water Supply,Kondapur,17.458551,78.36155,Water Supply Department,7,9,6,7,1,63,Medium,In Progress,CL-117,2,0.5,Urgent,24,Dispatch field inspection team,,No
GRV-1989,2026-08-18T02:56:00,Walk-in,Uncollected waste is creating foul smell and health concerns.,Sanitation,Secunderabad,17.438935,78.49477,Sanitation Department,9,8,6,7,7,76,High,Escalated,CL-112,3,0.61,Concerned,44,Dispatch sanitation crew,,No
GRV-1990,2026-07-27T18:39:00,Web,The storm-water drain near Begumpet is overflowing. A elderly resident may be affected.,Drainage,Begumpet,17.442529,78.469496,Storm Water & Drainage Department,8,4,9,9,2,66,Medium,New,CL-211,3,0.66,Negative,24,Clear blocked drain,,No
GRV-1991,2026-08-05T20:10:00,Call Center,Transformer near Uppal appears overloaded and outages are frequent.,Electricity,Uppal,17.399195,78.5583,Electricity Distribution Department,5,7,6,6,7,60,Medium,New,CL-305,0,0.59,Concerned,5,Dispatch line inspection team,,No
GRV-1992,2026-08-07T17:33:00,Walk-in,The road near Kukatpally has been damaged for 2 days.,Roads,Kukatpally,17.484527,78.41455,GHMC Roads Department,5,5,2,3,4,40,Low,New,CL-382,0,0.38,Negative,36,Dispatch road inspection team,,No
GRV-1993,2026-08-13T13:31:00,Social Media,No water supply in our locality for 1 days. A hospital nearby may be affected.,Water Supply,Kukatpally,17.486714,78.41572,Water Supply Department,3,3,3,9,7,45,Low,Resolved,CL-336,1,0.79,Urgent,12,Dispatch field inspection team,13.9,No
GRV-1994,2026-08-19T03:53:00,Walk-in,Power interruption has affected homes and local shops. A hospital nearby may be affected.,Electricity,Gachibowli,17.43705,78.345674,Electricity Distribution Department,5,6,5,9,1,52,Medium,In Progress,CL-263,4,0.36,Negative,20,Inspect transformer/feed line,,No
GRV-1995,2026-08-08T19:51:00,Call Center,Transformer near Gachibowli appears overloaded and outages are frequent. A elderly resident may be affected.,Electricity,Gachibowli,17.442539,78.350218,Electricity Distribution Department,7,7,7,9,5,70,High,New,CL-113,6,0.62,Concerned,11,Dispatch line inspection team,,No
GRV-1996,2026-07-26T23:55:00,Web,Overflowing garbage bins are causing a hygiene issue. A hospital nearby may be affected.,Sanitation,Jubilee Hills,17.429364,78.407504,Sanitation Department,3,6,7,9,7,59,Medium,Assigned,CL-142,5,0.5,Concerned,37,Inspect waste accumulation point,,No
GRV-1997,2026-07-27T15:00:00,Call Center,Residents are reporting a recurring public safety concern.,Public Safety,Kukatpally,17.484906,78.41036,Public Safety Department,8,7,4,3,4,56,Medium,Resolved,CL-103,6,0.67,Frustrated,4,Inspect hazardous location,3.6,No
GRV-1998,2026-07-15T16:18:00,Social Media,A damaged electric pole is leaning dangerously near homes.,Public Safety,Gachibowli,17.443703,78.349313,Public Safety Department,4,6,6,3,4,46,Low,New,CL-118,0,0.89,Concerned,3,Inspect hazardous location,,No
GRV-1999,2026-07-20T05:56:00,Web,No water supply in our locality for 6 days.,Water Supply,Kukatpally,17.483016,78.413067,Water Supply Department,9,8,7,4,1,64,Medium,New,CL-256,3,0.71,Concerned,7,Dispatch field inspection team,,No
GRV-2000,2026-08-02T13:04:00,Call Center,Water pipeline near Kondapur appears damaged and residents have no supply. A elderly resident may be affected.,Water Supply,Kondapur,17.465072,78.366423,Water Supply Department,3,8,4,9,4,52,Medium,New,CL-132,5,0.66,Urgent,17,Dispatch field inspection team,,No
